OrderID,CustomerID,EmployeeID,ShippingMethodID,OrderDate,ShipDate,FreightCharge
2,1,1,1,10-07-2003,07-10-2003,0
4,2,2,1,11-07-2003,07-11-2003,0
5,2,1,1,15-07-2003,7/15/2003,0
6,3,1,1,14-07-2003,7/14/2003,0
7,4,1,1,14-07-2003,7/15/2003,0
8,5,1,1,14-07-2003,7/14/2003,0
9,5,1,1,15-07-2003,7/15/2003,0
10,6,1,1,16-07-2003,7/16/2003,0
11,3,1,1,16-07-2003,7/16/2003,0
12,3,1,1,17-07-2003,7/17/2003,0
13,2,1,1,18-07-2003,7/18/2003,0
14,7,2,1,18-07-2003,7/18/2003,0
15,9,1,1,18-07-2003,7/18/2003,0
16,10,1,1,19-07-2003,7/19/2003,0
17,4,1,1,21-07-2003,7/21/2003,0
18,11,1,1,22-07-2003,7/22/2003,0
19,12,1,1,22-07-2003,7/22/2003,0
20,2,1,1,22-07-2003,7/22/2003,0
21,5,1,1,22-07-2003,7/22/2003,0
22,3,2,1,23-07-2003,7/23/2003,0
23,12,2,1,23-07-2003,7/23/2003,0
24,2,2,1,23-07-2003,7/23/2003,0
25,8,2,1,24-07-2003,7/24/2003,0
26,1,1,1,24-07-2003,7/24/2003,0
27,8,2,1,24-07-2003,7/24/2003,0
28,6,1,1,25-07-2003,7/25/2003,0
29,13,1,1,25-07-2003,7/25/2003,0
30,7,1,1,25-07-2003,7/25/2003,0
31,5,1,1,28-07-2003,7/28/2003,0
32,5,2,1,29-07-2003,7/29/2003,0
33,14,1,1,29-07-2003,7/29/2003,0
34,6,1,1,29-07-2003,7/29/2003,0
35,4,1,1,29-07-2003,7/29/2003,0
36,15,1,1,29-07-2003,7/29/2003,0
37,12,1,1,30-07-2003,7/30/2003,0
38,3,2,1,31-07-2003,7/31/2003,0
39,8,2,1,31-07-2003,7/31/2003,0
40,2,1,1,08-01-2003,08-01-2003,0
41,5,2,1,08-02-2003,08-02-2003,0
42,4,2,1,08-02-2003,08-02-2003,0
43,14,2,1,08-04-2003,08-04-2003,0
44,12,2,1,08-04-2003,08-04-2003,0
45,5,2,1,08-04-2003,08-04-2003,0
46,16,2,1,08-04-2003,08-04-2003,0
47,3,1,1,08-05-2003,08-05-2003,0
48,17,1,1,08-05-2003,08-05-2003,0
49,18,1,1,08-05-2003,08-05-2003,0
50,7,1,1,08-05-2003,08-05-2003,0
51,18,1,1,08-06-2003,08-06-2003,0
52,19,1,1,08-06-2003,08-06-2003,0
53,4,1,1,08-07-2003,08-07-2003,0
54,5,1,1,08-08-2003,08-08-2003,0
55,20,1,1,08-08-2003,08-08-2003,0
56,12,2,1,08-09-2003,08-09-2003,0
57,3,2,1,08-11-2003,08-11-2003,0
58,18,2,1,08-11-2003,08-11-2003,0
59,21,2,1,08-12-2003,08-12-2003,0
60,5,1,1,08-12-2003,08-12-2003,0
61,17,1,1,13-08-2003,8/13/2003,0
62,2,1,1,13-08-2003,8/13/2003,0
63,2,1,1,13-08-2003,8/14/2003,0
66,4,1,1,13-08-2003,8/13/2003,0
67,6,2,1,14-08-2003,8/14/2003,0
68,8,1,1,14-08-2003,8/14/2003,0
69,5,1,1,14-08-2003,8/14/2003,0
70,3,2,1,15-08-2003,8/15/2003,0
71,5,1,1,15-08-2003,8/15/2003,0
72,8,2,1,15-08-2003,8/15/2003,0
73,9,1,1,15-08-2003,8/15/2003,0
74,13,1,1,15-08-2003,8/15/2003,0
75,22,1,1,16-08-2003,8/16/2003,0
76,12,1,1,16-08-2003,8/16/2003,0
77,5,1,1,16-08-2003,8/16/2003,0
78,4,2,1,16-08-2003,8/16/2003,0
79,23,2,1,16-08-2003,8/16/2003,0
80,22,1,1,18-08-2003,8/18/2003,0
81,5,1,1,18-08-2003,8/18/2003,0
82,22,1,1,18-08-2003,8/18/2003,0
83,11,1,1,19-08-2003,8/19/2003,0
84,2,1,1,19-08-2003,8/19/2003,0
85,5,2,1,19-08-2003,8/19/2003,0
86,1,1,1,19-08-2003,8/19/2003,0
87,4,2,1,19-08-2003,8/19/2003,0
88,6,2,1,20-08-2003,8/20/2003,0
89,5,2,1,20-08-2003,8/20/2003,0
90,5,1,1,20-08-2003,8/20/2003,0
91,4,2,1,20-08-2003,8/20/2003,0
92,18,1,1,20-08-2003,8/20/2003,0
93,21,2,1,20-08-2003,8/20/2003,0
94,8,1,1,20-08-2003,8/20/2003,0
95,20,2,1,21-08-2003,8/21/2003,0
96,8,2,1,21-08-2003,8/21/2003,0
97,5,1,1,22-08-2003,8/22/2003,0
98,2,1,1,22-08-2003,8/22/2003,0
99,17,1,1,22-08-2003,8/22/2003,0
100,9,1,1,22-08-2003,8/22/2003,0
101,24,1,1,22-08-2003,8/22/2003,0
102,4,1,1,23-08-2003,8/23/2003,0
103,7,1,1,23-08-2003,8/23/2003,0
104,22,2,1,25-08-2003,8/25/2003,0
105,21,2,1,25-08-2003,8/25/2003,0
106,4,2,1,26-08-2003,8/26/2003,0
107,22,2,1,26-08-2003,8/26/2003,0
108,5,1,1,27-08-2003,8/27/2003,0
109,4,1,1,29-08-2003,8/29/2003,0
110,4,1,1,30-08-2003,8/30/2003,0
111,8,1,1,30-08-2003,8/30/2003,0
113,7,1,1,30-08-2003,8/30/2003,0
114,22,1,1,29-08-2003,8/29/2003,0
115,23,1,1,29-08-2003,8/29/2003,0
116,5,1,1,09-02-2003,09-02-2003,0
117,4,2,1,09-02-2003,09-02-2003,0
118,2,2,1,09-01-2003,09-01-2003,0
119,8,2,1,09-03-2003,09-03-2003,0
120,25,1,1,09-03-2003,09-03-2003,0
121,21,1,1,09-03-2003,09-03-2003,0
122,8,2,1,09-04-2003,09-04-2003,0
124,7,1,1,09-04-2003,09-04-2003,0
125,22,1,1,09-05-2003,09-05-2003,0
126,13,1,1,09-06-2003,09-06-2003,0
127,4,1,1,09-06-2003,09-06-2003,0
128,2,1,1,09-06-2003,09-06-2003,0
129,26,1,1,09-06-2003,09-06-2003,0
131,3,1,1,09-09-2003,09-09-2003,0
132,5,1,1,09-09-2003,09-09-2003,0
133,2,1,1,09-10-2003,09-10-2003,0
134,23,1,1,09-10-2003,09-10-2003,0
135,18,1,1,09-10-2003,09-10-2003,0
136,7,1,1,09-11-2003,09-11-2003,0
137,28,1,1,09-11-2003,09-11-2003,0
138,24,1,1,09-12-2003,09-12-2003,0
139,5,1,1,15-09-2003,9/15/2003,0
140,2,1,1,16-09-2003,9/16/2003,0
141,4,1,1,13-09-2003,9/13/2003,0
142,7,1,1,15-09-2003,9/15/2003,0
143,8,1,1,15-09-2003,9/15/2003,0
144,2,1,1,17-09-2003,9/17/2003,0
145,19,1,1,17-09-2003,9/17/2003,0
146,21,2,1,17-09-2003,9/17/2003,0
147,22,2,1,17-09-2003,9/17/2003,0
149,2,2,1,18-09-2003,9/18/2003,0
150,8,2,1,18-09-2003,9/18/2003,0
152,7,2,1,19-09-2003,9/19/2003,0
153,8,2,1,19-09-2003,9/19/2003,0
154,19,2,1,22-09-2003,9/22/2003,0
155,29,2,1,23-09-2003,9/23/2003,0
158,1,2,1,23-09-2003,9/23/2003,0
159,18,2,1,23-09-2003,9/23/2003,0
160,2,2,1,24-09-2003,9/24/2003,0
161,2,2,1,25-09-2003,9/25/2003,0
162,7,2,1,23-09-2003,9/23/2003,0
164,8,2,1,24-09-2003,9/24/2003,0
165,5,2,1,24-09-2003,9/24/2003,0
166,22,2,1,26-09-2003,9/26/2003,0
167,5,2,1,26-09-2003,9/26/2003,0
168,4,1,1,29-09-2003,9/29/2003,0
170,31,1,1,29-09-2003,9/29/2003,0
171,32,2,1,27-09-2003,9/27/2003,0
172,32,2,1,29-09-2003,9/29/2003,0
173,2,1,1,10-01-2003,10-01-2003,0
175,5,1,1,10-01-2003,10-01-2003,0
176,22,2,1,30-09-2003,9/30/2003,0
177,32,2,1,30-09-2003,9/30/2003,0
178,22,2,1,10-01-2003,10-01-2003,0
179,2,1,1,10-02-2003,10-02-2003,0
180,3,1,1,10-02-2003,10-02-2003,0
181,6,2,1,10-02-2003,10-02-2003,0
182,22,2,1,10-02-2003,10-02-2003,0
183,18,1,1,10-02-2003,10-02-2003,0
184,7,2,1,10-02-2003,10-02-2003,0
185,8,2,1,10-03-2003,10-03-2003,0
186,22,2,1,10-03-2003,10-03-2003,0
187,5,2,1,10-03-2003,10-03-2003,0
189,22,2,1,10-06-2003,10-06-2003,0
190,5,2,1,10-06-2003,10-06-2003,0
191,6,2,1,10-06-2003,10-06-2003,0
192,22,2,1,10-06-2003,10-06-2003,0
193,3,2,1,10-06-2003,10-06-2003,0
194,7,2,1,10-06-2003,10-06-2003,0
195,33,2,1,10-07-2003,10-07-2003,0
196,13,1,1,10-07-2003,10-07-2003,0
197,2,2,1,10-07-2003,10-07-2003,0
198,18,2,1,10-08-2003,10-08-2003,0
199,7,1,1,10-08-2003,10-08-2003,0
200,2,2,1,10-08-2003,10-08-2003,0
201,22,2,1,10-08-2003,10-08-2003,0
202,23,2,1,10-08-2003,10-08-2003,0
203,22,2,1,10-09-2003,10-09-2003,0
204,5,2,1,10-09-2003,10-09-2003,0
205,32,2,1,10-10-2003,10-10-2003,0
206,5,2,1,10-10-2003,10-10-2003,0
207,34,2,1,10-10-2003,10-10-2003,0
208,7,2,1,10-11-2003,10-11-2003,0
209,6,2,1,13-10-2003,10/13/2003,0
210,22,2,1,13-10-2003,10/13/2003,0
211,2,2,1,13-10-2003,10/13/2003,0
212,5,2,1,13-10-2003,10/13/2003,0
213,22,2,1,14-10-2003,10/14/2003,0
214,5,2,1,14-10-2003,10/14/2003,0
215,4,2,1,15-10-2003,10/15/2003,0
216,35,1,1,16-10-2003,10/16/2003,0
217,22,2,1,16-10-2003,10/16/2003,0
218,3,2,1,16-10-2003,10/16/2003,0
219,3,2,1,17-10-2003,10/17/2003,0
220,5,2,1,18-10-2003,10/18/2003,0
221,24,2,1,17-10-2003,10/17/2003,0
222,3,1,1,20-10-2003,10/20/2003,0
223,21,1,1,20-10-2003,10/20/2003,0
224,22,1,1,20-10-2003,10/20/2003,0
225,3,1,1,20-10-2003,10/20/2003,0
226,22,2,1,21-10-2003,10/21/2003,0
227,23,1,1,21-10-2003,10/21/2003,0
228,18,1,1,21-10-2003,10/21/2003,0
229,19,1,1,22-10-2003,10/22/2003,0
230,2,1,1,22-10-2003,10/22/2003,0
231,3,1,1,22-10-2003,10/22/2003,0
232,36,1,1,23-10-2003,10/23/2003,0
233,6,2,1,23-10-2003,10/23/2003,0
234,22,2,1,23-10-2003,10/23/2003,0
235,5,1,1,23-10-2003,10/23/2003,0
236,3,2,1,23-10-2003,10/23/2003,0
237,37,1,1,24-10-2003,10/24/2003,0
238,5,1,1,24-10-2003,10/24/2003,0
239,38,1,1,24-10-2003,10/24/2003,0
240,7,1,1,24-10-2003,10/24/2003,0
241,39,1,1,24-10-2003,10/24/2003,0
242,40,2,1,25-10-2003,10/25/2003,0
243,40,2,1,27-10-2003,10/27/2003,0
244,3,1,1,27-10-2003,10/27/2003,0
245,22,2,1,27-10-2003,10/27/2003,0
246,5,2,1,27-10-2003,10/27/2003,0
247,5,2,1,28-10-2003,10/28/2003,0
249,7,2,1,28-10-2003,10/28/2003,0
250,40,1,1,29-10-2003,10/29/2003,0
251,22,2,1,29-10-2003,10/29/2003,0
252,22,2,1,30-10-2003,10/30/2003,0
253,22,2,1,30-10-2003,10/31/2003,0
255,40,2,1,30-10-2003,10/30/2003,0
256,2,2,1,31-10-2003,10/31/2003,0
257,13,2,1,11-03-2003,11-03-2003,0
258,22,2,1,31-10-2003,10/31/2003,0
259,4,2,1,11-01-2003,11-01-2003,0
260,7,2,1,11-01-2003,11-01-2003,0
261,40,2,1,11-03-2003,11-03-2003,0
262,41,2,1,11-03-2003,11-03-2003,0
263,40,2,1,11-04-2003,11-04-2003,0
264,6,2,1,11-04-2003,11-04-2003,0
265,7,2,1,11-05-2003,11-05-2003,0
266,7,2,1,11-05-2003,11-05-2003,0
267,42,2,1,11-05-2003,11-05-2003,19.97
268,7,2,1,11-05-2003,11-05-2003,0
269,2,2,1,11-06-2003,11-06-2003,0
270,40,2,1,11-06-2003,11-06-2003,0
271,22,2,1,11-07-2003,11-07-2003,0
272,22,2,1,11-10-2003,11-10-2003,0
273,3,2,1,11-10-2003,11-10-2003,0
274,40,2,1,11-10-2003,11-10-2003,0
275,5,2,1,11-10-2003,11-10-2003,0
276,22,2,1,11-11-2003,11-11-2003,0
277,32,2,1,11-10-2003,11-10-2003,0
278,8,2,1,11-11-2003,11-11-2003,0
280,22,2,1,11-11-2003,11-11-2003,0
281,5,2,1,11-12-2003,11-12-2003,0
282,43,2,1,11-11-2003,11-11-2003,0
283,44,2,1,11-11-2003,11-11-2003,0
284,45,2,1,11-11-2003,11-11-2003,0
285,40,2,1,11-12-2003,11-12-2003,0
286,22,2,1,13-11-2003,11/13/2003,0
288,47,2,1,13-11-2003,11/13/2003,0
289,40,2,1,13-11-2003,11/13/2003,0
290,22,2,1,14-11-2003,11/14/2003,0
291,40,2,1,14-11-2003,11/14/2003,0
292,22,2,1,17-11-2003,11/17/2003,0
293,40,2,1,17-11-2003,11/17/2003,0
294,21,2,1,17-11-2003,11/17/2003,0
295,23,2,1,17-11-2003,11/17/2003,0
296,7,2,1,17-11-2003,11/17/2003,0
297,48,2,1,18-11-2003,11/18/2003,0
298,33,2,1,18-11-2003,11/18/2003,0
299,1,2,1,18-11-2003,11/18/2003,0
300,3,2,1,18-11-2003,11/18/2003,0
303,3,2,1,19-11-2003,11/19/2003,0
304,18,2,1,19-11-2003,11/19/2003,0
305,22,2,1,19-11-2003,11/19/2003,0
306,40,2,1,19-11-2003,11/19/2003,0
307,2,2,1,19-11-2003,11/19/2003,0
308,23,2,1,20-11-2003,11/20/2003,0
309,40,2,1,21-11-2003,11/21/2003,0
311,41,2,1,22-11-2003,11/22/2003,0
313,7,2,1,22-11-2003,11/22/2003,0
314,13,2,1,22-11-2003,11/22/2003,0
315,22,2,1,24-11-2003,11/24/2003,0
316,3,2,1,24-11-2003,11/24/2003,0
317,5,2,1,24-11-2003,11/24/2003,0
318,36,2,1,25-11-2003,11/25/2003,0
319,22,2,1,25-11-2003,11/25/2003,0
320,40,2,1,26-11-2003,11/26/2003,0
321,21,2,1,26-11-2003,11/26/2003,0
322,22,2,1,26-11-2003,11/26/2003,0
323,24,2,1,27-11-2003,11/27/2003,0
324,2,2,1,28-11-2003,11/28/2003,0
325,22,2,1,28-11-2003,11/28/2003,0
326,18,2,1,28-11-2003,11/28/2003,0
328,7,2,1,28-11-2003,11/28/2003,0
329,5,2,1,29-11-2003,11/29/2003,0
330,44,2,1,12-01-2003,12-01-2003,0
332,40,2,1,12-01-2003,12-01-2003,0
333,3,2,1,12-01-2003,12-01-2003,0
334,5,2,1,12-01-2003,12-01-2003,0
335,18,2,1,12-01-2003,12-01-2003,0
336,19,2,1,12-02-2003,12-02-2003,0
337,40,2,1,12-02-2003,12-02-2003,0
338,3,2,1,12-02-2003,12-02-2003,0
339,5,2,1,12-02-2003,12-02-2003,0
340,6,2,1,12-03-2003,12-03-2003,0
341,21,2,1,12-03-2003,12-03-2003,0
342,22,2,1,12-03-2003,12-03-2003,0
343,3,2,1,12-03-2003,12-03-2003,0
344,40,2,1,12-04-2003,12-04-2003,0
345,2,2,1,12-04-2003,12-04-2003,0
346,5,2,1,12-06-2003,12-03-2003,0
347,40,2,1,12-06-2003,12-06-2003,0
348,50,2,1,19-01-2004,1/19/2004,0
349,40,2,1,12-08-2003,12-08-2003,0
350,18,2,1,12-08-2003,12-08-2003,0
351,42,2,1,12-08-2003,12-08-2003,20
352,22,2,1,12-09-2003,12-09-2003,0
353,6,2,1,12-09-2003,12-09-2003,0
354,3,2,1,12-09-2003,12-09-2003,0
355,51,2,1,12-09-2003,12-09-2003,0
356,18,2,1,12-09-2003,12-09-2003,0
358,19,2,1,12-10-2003,12-10-2003,0
359,45,2,1,12-10-2003,12-10-2003,0
360,32,2,1,12-10-2003,12-10-2003,0
361,40,2,1,12-10-2003,12-10-2003,0
362,22,2,1,12-11-2003,12-11-2003,0
363,22,2,1,12-11-2003,12-11-2003,0
364,5,2,1,12-11-2003,12-11-2003,0
365,52,2,1,12-11-2003,12-11-2003,0
367,21,2,1,12-11-2003,12-11-2003,0
368,5,2,1,12-12-2003,12-12-2003,0
369,22,2,1,15-12-2003,12/15/2003,0
371,40,2,1,15-12-2003,12/15/2003,0
372,2,2,1,15-12-2003,12/15/2003,0
373,22,2,1,16-12-2003,12/16/2003,0
374,25,2,1,16-12-2003,12/16/2003,0
375,53,2,1,17-12-2003,12/17/2003,0
376,40,2,1,18-12-2003,12/18/2003,0
377,1,2,1,18-12-2003,12/18/2003,0
378,5,2,1,18-12-2003,12/18/2003,0
379,18,2,1,18-12-2003,12/18/2003,0
380,40,2,1,19-12-2003,12/19/2003,0
381,3,2,1,19-12-2003,12/19/2003,0
382,22,2,1,19-12-2003,12/19/2003,0
383,32,2,1,19-12-2003,12/19/2003,0
384,32,2,1,19-12-2003,12/19/2003,0
385,32,2,1,19-12-2003,12/19/2003,0
386,2,2,1,19-12-2003,12/19/2003,0
387,7,2,1,19-12-2003,12/19/2003,0
388,26,2,1,20-12-2003,12/20/2003,0
389,40,2,1,20-12-2003,12/20/2003,0
390,6,2,1,22-12-2003,12/22/2003,0
391,40,2,1,22-12-2003,12/22/2003,0
392,40,2,1,22-12-2003,12/22/2003,0
393,5,2,1,22-12-2003,12/22/2003,0
394,22,2,1,22-12-2003,12/22/2003,0
395,5,2,1,22-12-2003,12/22/2003,0
396,2,2,1,22-12-2003,12/22/2003,0
397,40,2,1,23-12-2003,12/23/2003,0
398,54,2,1,23-12-2003,12/23/2003,17.09
399,13,2,1,23-12-2003,12/23/2003,21.54
400,2,2,1,24-12-2003,12/24/2003,0
401,21,2,1,25-12-2003,12/25/2003,0
402,40,1,1,25-12-2003,12/25/2003,0
403,5,2,1,26-12-2003,12/26/2003,0
404,40,2,1,27-12-2003,12/21/2003,0
405,7,2,1,27-12-2003,12/27/2003,0
406,3,2,1,29-12-2003,12/29/2003,0
408,5,2,1,30-12-2003,12/30/2003,0
409,40,2,1,30-12-2003,12/30/2003,0
410,18,2,1,30-12-2003,12/30/2003,0
411,7,2,1,01-05-2004,01-05-2004,0
412,7,2,1,01-05-2004,01-05-2004,0
413,5,2,1,01-05-2004,01-05-2004,0
415,2,7,1,01-08-2004,01-08-2004,0
416,21,7,1,01-10-2004,01-10-2004,0
418,24,2,1,01-10-2004,01-10-2004,0
419,25,7,1,01-10-2004,01-10-2004,21.97
420,8,7,1,01-10-2004,01-10-2004,0
421,40,7,1,01-12-2004,01-12-2004,0
424,55,7,1,01-12-2004,01-12-2004,0
425,5,7,1,01-12-2004,01-12-2004,0
427,6,2,1,01-12-2004,01-12-2004,0
428,56,2,1,01-12-2004,01-12-2004,0
430,2,2,1,13-01-2004,1/13/2004,0
431,5,2,1,13-01-2004,1/13/2004,0
432,18,7,1,13-01-2004,1/13/2004,0
433,40,7,1,14-01-2004,1/14/2004,0
434,23,7,1,14-01-2004,1/14/2004,0
435,2,2,1,14-01-2004,1/14/2004,0
438,57,2,1,13-01-2004,1/13/2004,0
439,22,2,1,15-01-2004,1/15/2004,0
440,23,2,1,15-01-2004,1/15/2004,0
441,40,2,1,15-01-2004,1/15/2004,0
442,58,2,1,15-01-2004,1/15/2004,0
443,40,2,1,16-01-2004,1/16/2004,0
444,3,2,1,16-01-2004,1/16/2004,0
445,35,2,1,16-01-2004,1/16/2004,0
446,45,7,1,16-01-2004,1/16/2004,0
447,7,2,1,16-01-2004,1/16/2004,0
448,13,2,1,16-01-2004,1/16/2004,22.31
449,40,2,1,17-01-2004,1/17/2004,0
450,35,2,1,17-01-2004,1/17/2004,0
451,5,2,1,17-01-2004,1/17/2004,0
452,21,2,1,17-01-2004,1/17/2004,0
453,5,2,1,19-01-2004,1/19/2004,0
454,21,2,1,19-01-2004,1/19/2004,0
455,21,2,1,19-01-2004,1/19/2004,0
457,59,2,1,19-01-2004,1/19/2004,0
459,60,2,1,20-01-2004,1/20/2004,28.55
460,18,2,1,20-01-2004,1/20/2004,0
461,53,2,1,20-01-2004,1/20/2004,0
462,22,2,1,21-01-2004,1/21/2004,0
463,40,2,1,21-01-2004,1/21/2004,0
464,2,2,1,21-01-2004,1/21/2004,0
467,1,7,1,21-01-2004,1/21/2004,0
468,5,7,1,21-01-2004,1/21/2004,0
469,23,7,1,21-01-2004,1/21/2004,0
470,17,2,1,22-01-2004,1/22/2004,0
471,17,2,1,22-01-2004,1/22/2004,0
472,2,2,1,22-01-2004,1/22/2004,0
473,18,2,1,22-01-2004,1/22/2004,0
474,5,2,1,23-01-2004,1/23/2004,0
475,61,2,1,24-01-2004,1/24/2004,0
476,25,7,1,26-01-2004,1/26/2004,27.8
477,44,2,1,26-01-2004,1/26/2004,0
478,21,2,1,26-01-2004,1/26/2004,0
485,2,2,1,26-01-2004,1/26/2004,0
486,22,2,1,26-01-2004,1/26/2004,0
487,26,2,1,26-01-2004,1/26/2004,0
488,26,2,1,26-01-2004,1/26/2004,0
489,13,7,1,26-01-2004,1/26/2004,25.6
490,62,7,1,27-01-2004,1/27/2004,0
491,22,2,1,27-01-2004,1/27/2004,0
492,2,2,1,27-01-2004,1/27/2004,0
493,41,2,1,02-02-2004,02-02-2004,0
494,63,2,1,02-02-2004,02-02-2004,0
495,5,2,1,28-01-2004,1/28/2004,0
497,5,2,1,29-01-2004,1/29/2004,0
498,22,7,1,29-01-2004,1/29/2004,0
499,2,2,1,30-01-2004,1/30/2004,0
500,40,2,1,30-01-2004,1/30/2004,0
501,7,2,1,30-01-2004,1/30/2004,0
502,40,2,1,31-01-2004,1/31/2004,0
503,21,2,1,02-02-2004,02-02-2004,0
504,40,2,1,02-02-2004,02-02-2004,0
505,3,2,1,02-02-2004,02-02-2004,0
506,42,2,1,02-02-2004,02-02-2004,28.07
507,54,2,1,02-02-2004,02-02-2004,28.07
508,22,2,1,02-03-2004,02-03-2004,0
509,3,2,1,02-03-2004,02-03-2004,0
510,18,2,1,02-03-2004,02-03-2004,0
512,60,2,1,02-04-2004,02-04-2004,28
513,22,2,1,02-04-2004,02-04-2004,0
514,40,2,1,02-05-2004,02-05-2004,0
516,22,2,1,02-05-2004,02-05-2004,0
517,2,2,1,02-05-2004,02-05-2004,0
518,64,2,1,02-05-2004,02-05-2004,28
519,1,2,1,02-05-2004,02-05-2004,0
520,36,7,1,02-05-2004,02-05-2004,0
521,19,2,1,02-05-2004,02-05-2004,0
522,2,2,1,02-06-2004,02-06-2004,0
523,17,2,1,02-06-2004,02-06-2004,0
524,5,2,1,02-06-2004,02-06-2004,0
526,4,2,1,02-07-2004,02-07-2004,0
527,40,7,1,02-07-2004,02-07-2004,0
532,37,2,1,02-07-2004,02-07-2004,0
533,21,2,1,02-09-2004,02-09-2004,0
534,40,2,1,02-09-2004,02-09-2004,0
535,22,2,1,02-09-2004,02-09-2004,0
536,4,2,1,02-09-2004,02-09-2004,0
538,18,2,1,02-09-2004,02-09-2004,0
539,23,2,1,02-10-2004,02-10-2004,0
540,13,2,1,02-10-2004,02-10-2004,28
541,2,2,1,02-10-2004,02-10-2004,0
542,5,2,1,02-10-2004,02-10-2004,0
543,22,7,1,02-10-2004,02-10-2004,0
544,22,2,1,02-11-2004,02-11-2004,0
546,40,2,1,02-12-2004,02-12-2004,0
547,21,2,1,02-12-2004,02-12-2004,0
549,24,7,1,02-12-2004,02-12-2004,28
550,18,2,1,02-12-2004,02-12-2004,0
552,4,2,1,13-02-2004,2/13/2004,0
553,7,2,1,13-02-2004,2/13/2004,0
555,22,2,1,16-02-2004,2/16/2004,0
557,3,2,1,16-02-2004,2/16/2004,0
558,67,2,1,16-02-2004,2/16/2004,0
559,36,2,1,16-02-2004,2/16/2004,0
560,35,7,1,16-02-2004,2/16/2004,0
562,5,7,1,16-02-2004,2/16/2004,0
563,40,2,1,16-02-2004,2/16/2004,0
564,4,2,1,16-02-2004,2/16/2004,0
565,3,2,1,14-02-2004,2/14/2004,0
566,2,2,1,14-02-2004,2/14/2004,0
567,2,2,1,14-02-2004,2/14/2004,0
568,68,2,1,16-02-2004,2/16/2004,0
569,45,2,1,16-02-2004,2/16/2004,0
570,69,2,1,17-02-2004,2/17/2004,28.02
571,2,2,1,18-02-2004,2/18/2004,0
572,6,2,1,18-02-2004,2/18/2004,0
573,40,7,1,19-02-2004,2/19/2004,0
574,13,6,1,19-02-2004,2/19/2004,56.14
575,5,2,1,20-02-2004,2/20/2004,0
576,18,2,1,20-02-2004,2/20/2004,0
577,24,2,1,20-02-2004,2/20/2004,28.02
578,7,6,1,21-02-2004,2/21/2004,0
582,67,2,1,23-02-2004,2/23/2004,0
583,40,7,1,24-02-2004,2/24/2004,0
585,13,2,1,24-02-2004,2/24/2004,0
586,60,2,1,03-01-2004,03-01-2004,28.5
587,2,2,1,24-02-2004,2/24/2004,0
588,5,2,1,24-02-2004,2/24/2004,0
589,18,2,1,24-02-2004,2/24/2004,0
590,67,6,1,24-02-2004,2/24/2004,0
591,57,6,1,25-02-2004,2/25/2004,0
592,21,6,1,25-02-2004,2/25/2004,0
594,5,6,1,25-02-2004,2/25/2004,0
595,2,6,1,03-01-2004,03-01-2004,0
597,22,6,1,25-02-2004,2/25/2004,0
598,1,6,1,25-02-2004,2/25/2004,0
599,4,2,1,25-02-2004,2/25/2004,0
600,23,6,1,26-02-2004,2/26/2004,0
601,25,6,1,26-02-2004,2/26/2004,0
602,18,6,1,26-02-2004,2/26/2004,0
603,42,6,1,17-03-2004,3/17/2004,28.02
604,40,6,1,27-02-2004,2/27/2004,0
605,36,6,1,03-01-2004,03-01-2004,0
606,36,6,1,03-01-2004,03-01-2004,0
607,7,6,1,28-02-2004,2/28/2004,0
608,41,6,1,03-01-2004,03-01-2004,0
609,5,6,1,28-02-2004,2/28/2004,0
610,71,6,1,03-02-2004,03-02-2004,0
611,22,2,1,03-01-2004,03-01-2004,0
612,5,2,1,03-01-2004,03-01-2004,0
613,72,2,1,03-01-2004,03-01-2004,0
614,18,2,1,03-01-2004,03-01-2004,0
615,66,2,1,28-02-2004,2/28/2004,0
616,6,6,1,03-02-2004,03-02-2004,0
617,73,6,1,03-02-2004,03-02-2004,0
618,35,6,1,03-02-2004,03-02-2004,0
619,3,6,1,03-02-2004,03-02-2004,0
620,71,6,1,03-02-2004,03-02-2004,0
621,67,6,1,03-02-2004,03-02-2004,0
622,18,6,1,03-02-2004,03-02-2004,0
623,2,6,1,03-02-2004,03-02-2004,28
624,5,6,1,03-03-2004,03-03-2004,0
627,74,6,1,03-03-2004,03-03-2004,0
628,33,6,1,03-04-2004,03-04-2004,0
630,40,6,1,03-04-2004,03-04-2004,0
631,4,6,1,03-04-2004,03-04-2004,0
632,32,6,1,03-04-2004,03-04-2004,0
633,34,6,1,03-04-2004,03-04-2004,0
634,40,6,1,03-05-2004,03-05-2004,0
635,5,6,1,03-05-2004,03-05-2004,0
636,36,6,1,03-05-2004,03-05-2004,0
637,18,2,1,03-06-2004,03-06-2004,0
639,66,2,1,03-06-2004,03-06-2004,0
640,40,6,1,03-09-2004,03-09-2004,0
641,21,6,1,03-09-2004,03-09-2004,0
642,2,6,1,03-10-2004,03-10-2004,0
643,24,6,1,03-10-2004,03-10-2004,28
646,66,2,1,03-10-2004,03-10-2004,0
647,17,6,1,03-11-2004,03-11-2004,0
650,5,6,1,03-11-2004,03-11-2004,0
651,7,6,1,03-11-2004,03-11-2004,0
652,40,6,1,03-12-2004,03-12-2004,0
653,45,6,1,03-12-2004,03-12-2004,0
654,78,6,1,03-12-2004,03-12-2004,0
655,21,6,1,13-03-2004,3/13/2004,0
656,79,6,1,13-03-2004,3/13/2004,0
657,7,6,1,13-03-2004,3/13/2004,0
658,22,6,1,15-03-2004,3/15/2004,0
659,18,2,1,15-03-2004,3/15/2004,0
660,13,2,1,15-03-2004,3/15/2004,0
661,5,6,1,16-03-2004,3/16/2004,0
662,21,6,1,17-03-2004,3/17/2004,0
664,5,6,1,17-03-2004,3/17/2004,0
665,2,6,1,17-03-2004,3/17/2004,0
666,3,6,1,17-03-2004,3/17/2004,0
667,18,6,1,17-03-2004,3/17/2004,0
668,2,2,1,04-01-2004,04-01-2004,0
669,5,6,1,18-03-2004,3/18/2004,0
670,6,6,1,19-03-2004,3/19/2004,0
671,81,6,1,19-03-2004,3/19/2004,0
672,5,6,1,19-03-2004,3/19/2004,0
673,22,6,1,19-03-2004,3/19/2004,0
674,82,8,1,22-03-2004,3/22/2004,0
675,21,6,1,22-03-2004,3/22/2004,0
676,22,6,1,22-03-2004,3/22/2004,0
677,18,6,1,22-03-2004,3/22/2004,0
678,54,6,1,30-03-2004,3/30/2004,0
679,17,6,1,23-03-2004,3/23/2004,0
680,5,6,1,23-03-2004,3/23/2004,0
681,40,6,1,24-03-2004,3/24/2004,0
682,26,6,1,24-03-2004,3/24/2004,0
683,18,6,1,24-03-2004,3/24/2004,0
685,50,2,1,24-03-2004,3/24/2004,0
686,6,6,1,25-03-2004,3/25/2004,0
687,1,6,1,26-03-2004,3/26/2004,0
688,64,6,1,04-01-2004,04-01-2004,28
689,22,2,1,29-03-2004,3/29/2004,0
690,2,6,1,29-03-2004,3/29/2004,0
691,14,6,1,29-03-2004,3/29/2004,0
693,22,6,1,29-03-2004,3/29/2004,0
694,19,6,1,04-01-2004,04-01-2004,0
695,66,2,1,30-03-2004,3/30/2004,0
696,35,6,1,04-01-2004,04-01-2004,0
697,18,6,1,30-03-2004,3/30/2004,0
698,83,6,1,04-01-2004,04-01-2004,28
699,6,6,1,04-01-2004,04-01-2004,0
700,5,2,1,04-02-2004,04-02-2004,0
701,7,6,1,04-02-2004,04-02-2004,0
702,22,6,1,04-05-2004,04-05-2004,0
703,21,6,1,04-05-2004,04-05-2004,0
704,2,6,1,04-05-2004,04-05-2004,0
705,67,6,1,04-05-2004,04-05-2004,0
706,23,6,1,04-06-2004,04-06-2004,0
707,40,6,1,04-06-2004,04-06-2004,0
708,25,6,1,04-07-2004,04-07-2004,0
709,41,6,1,04-08-2004,04-08-2004,0
710,8,6,1,04-09-2004,04-09-2004,0
711,5,6,1,04-10-2004,04-10-2004,0
712,18,6,1,04-10-2004,04-10-2004,0
713,21,6,1,04-12-2004,04-12-2004,0
714,22,6,1,13-04-2004,4/13/2004,0
715,34,6,1,13-04-2004,4/13/2004,0
716,22,6,1,14-04-2004,4/14/2004,0
717,13,6,1,14-04-2004,4/14/2004,28
718,22,6,1,15-04-2004,4/15/2004,0
719,25,6,1,15-04-2004,4/15/2004,0
720,2,6,1,15-04-2004,4/15/2004,0
721,84,2,1,15-04-2004,4/15/2004,0
722,84,2,1,15-04-2004,4/15/2004,0
723,63,6,1,15-04-2004,4/15/2004,0
724,22,6,1,16-04-2004,4/16/2004,0
726,32,6,1,16-04-2004,4/16/2004,0
727,7,6,1,17-04-2004,4/17/2004,0
728,22,6,1,19-04-2004,4/19/2004,0
729,21,6,1,19-04-2004,4/19/2004,0
730,7,6,1,19-04-2004,4/19/2004,0
731,2,6,1,19-04-2004,4/19/2004,0
732,22,6,1,20-04-2004,4/20/2004,0
733,82,6,1,21-04-2004,4/21/2004,0
734,22,6,3,21-04-2004,4/21/2004,0
735,2,6,1,22-04-2004,4/22/2004,0
736,18,6,1,22-04-2004,4/22/2004,0
737,40,6,1,23-04-2004,4/23/2004,0
738,21,6,1,23-04-2004,4/23/2004,0
739,32,2,1,23-04-2004,4/23/2004,0
740,6,6,1,23-04-2004,4/23/2004,0
741,18,6,1,23-04-2004,4/23/2004,0
742,19,6,1,24-04-2004,4/24/2004,0
743,22,6,1,24-04-2004,4/24/2004,0
744,18,6,1,24-04-2004,4/24/2004,0
745,82,6,1,26-04-2004,4/26/2004,0
746,79,6,1,26-04-2004,4/26/2004,0
747,60,6,1,26-04-2004,4/26/2004,2
748,2,6,1,26-04-2004,4/26/2004,0
749,21,6,1,26-04-2004,4/26/2004,0
750,5,6,1,26-04-2004,4/26/2004,0
751,85,6,1,27-04-2004,4/27/2004,0
752,86,6,1,27-04-2004,4/27/2004,28
753,64,6,1,28-04-2004,4/28/2004,28
754,40,6,1,28-04-2004,4/28/2004,0
755,76,6,1,07-01-2004,07-01-2004,0
756,71,6,1,29-04-2004,4/29/2004,0
757,7,2,1,29-04-2004,4/29/2004,0
766,7,6,1,30-04-2004,4/30/2004,0
767,63,6,1,17-05-2004,5/17/2004,0
768,87,6,1,20-05-2004,5/20/2004,0
769,2,6,1,05-06-2004,05-06-2004,0
770,32,6,1,05-06-2004,05-06-2004,0
771,84,6,1,05-06-2004,05-06-2004,0
772,18,6,1,05-06-2004,05-06-2004,0
773,13,6,1,05-07-2004,05-07-2004,28
774,21,6,1,05-07-2004,05-07-2004,0
775,88,6,1,05-07-2004,05-07-2004,0
776,67,2,1,05-07-2004,05-07-2004,0
777,89,6,1,13-05-2004,5/13/2004,0
778,7,6,1,05-08-2004,05-08-2004,0
779,90,6,1,05-11-2004,05-11-2004,28
780,5,6,1,05-11-2004,05-11-2004,0
781,45,6,1,05-12-2004,05-12-2004,0
782,71,6,1,05-12-2004,05-12-2004,0
783,18,6,1,05-12-2004,05-12-2004,0
784,21,2,1,13-05-2004,5/13/2004,0
785,2,2,1,13-05-2004,5/13/2004,0
786,5,6,1,14-05-2004,5/14/2004,0
787,1,6,1,14-05-2004,5/14/2004,0
788,7,6,1,14-05-2004,5/14/2004,0
789,35,6,1,18-05-2004,5/18/2004,0
790,40,6,1,17-05-2004,5/17/2004,0
792,23,6,1,17-05-2004,5/17/2004,0
794,64,6,1,17-05-2004,5/17/2004,28
795,89,6,1,18-05-2004,5/18/2004,0
796,17,6,1,18-05-2004,5/18/2004,0
797,18,6,1,18-05-2004,5/18/2004,0
798,91,6,1,19-05-2004,5/19/2004,28
799,92,6,1,19-05-2004,5/19/2004,28
800,93,6,1,20-05-2004,5/20/2004,0
801,84,6,1,20-05-2004,5/20/2004,0
804,95,6,1,20-05-2004,5/20/2004,0
805,67,6,1,20-05-2004,5/20/2004,0
807,5,6,1,20-05-2004,5/20/2004,28
808,96,6,1,21-05-2004,5/21/2004,28.39
809,97,6,1,21-05-2004,5/21/2004,0
810,98,6,1,22-05-2004,5/22/2004,27.3
811,21,6,1,22-05-2004,5/22/2004,0
812,22,6,1,24-05-2004,5/24/2004,0
813,40,6,1,24-05-2004,5/24/2004,0
814,90,6,1,24-05-2004,5/24/2004,28
815,25,6,1,24-05-2004,5/24/2004,0
817,99,6,1,24-05-2004,5/24/2004,0
818,2,6,1,25-05-2004,5/25/2004,0
819,13,6,1,25-05-2004,5/25/2004,28
820,35,6,1,25-05-2004,5/25/2004,0
821,18,6,1,25-05-2004,5/25/2004,0
822,34,6,1,25-05-2004,5/25/2004,0
823,100,6,1,25-05-2004,5/25/2004,0
824,89,6,1,26-05-2004,5/26/2004,0
825,101,6,1,06-01-2004,06-01-2004,28
826,67,6,1,26-05-2004,5/26/2004,0
827,102,6,1,26-05-2004,5/26/2004,0
828,74,6,1,06-01-2004,06-01-2004,0
829,81,6,1,06-01-2004,06-01-2004,0
830,103,6,1,06-01-2004,06-01-2004,28
831,104,6,1,27-05-2004,5/27/2004,0
832,94,6,1,27-05-2004,5/27/2004,0
833,6,6,1,28-05-2004,5/28/2004,0
834,41,6,1,06-01-2004,06-01-2004,0
835,7,6,1,29-05-2004,5/29/2004,0
836,94,6,1,29-05-2004,5/29/2004,0
837,3,6,1,31-05-2004,5/31/2004,0
838,87,6,1,06-01-2004,06-01-2004,0
839,5,6,1,31-05-2004,5/31/2004,0
840,18,6,,31-05-2004,5/31/2004,0
841,22,6,1,06-01-2004,06-01-2004,0
842,7,6,1,06-01-2004,06-01-2004,0
843,86,6,1,06-02-2004,06-02-2004,28
844,19,6,1,06-02-2004,06-02-2004,0
845,1,6,1,06-02-2004,06-02-2004,0
846,91,6,1,06-03-2004,06-03-2004,28
847,21,6,1,06-03-2004,06-03-2004,0
848,19,6,1,06-03-2004,06-03-2004,0
849,97,6,1,06-03-2004,06-03-2004,0
850,7,6,1,06-03-2004,06-03-2004,0
851,79,6,1,06-07-2004,06-07-2004,0
852,89,6,1,06-07-2004,06-07-2004,0
853,22,6,1,06-07-2004,06-07-2004,0
854,2,6,1,06-07-2004,06-07-2004,0
855,13,6,1,06-07-2004,06-07-2004,28
856,18,6,1,06-07-2004,06-07-2004,0
857,8,6,1,06-08-2004,06-08-2004,0
858,99,6,1,06-08-2004,06-08-2004,28
859,18,6,1,06-08-2004,06-08-2004,0
860,105,6,1,06-09-2004,06-09-2004,0
861,106,6,1,06-09-2004,06-09-2004,0
862,67,6,1,06-09-2004,06-09-2004,0
863,107,6,1,06-09-2004,06-09-2004,0
865,5,6,1,06-09-2004,06-09-2004,0
866,32,6,1,06-09-2004,06-09-2004,0
867,42,6,1,06-09-2004,06-09-2004,28
868,102,6,1,06-10-2004,06-10-2004,0
869,24,6,1,06-10-2004,06-10-2004,0
870,108,6,1,06-10-2004,06-10-2004,28
872,21,6,1,06-11-2004,06-11-2004,0
873,84,6,1,06-11-2004,06-11-2004,0
874,35,6,1,06-11-2004,06-11-2004,28
875,22,6,1,06-12-2004,06-12-2004,0
876,18,6,1,15-06-2004,6/14/2004,0
877,89,6,1,15-06-2004,6/15/2004,0
878,68,6,1,15-06-2004,6/15/2004,0
879,3,6,1,15-06-2004,6/15/2004,0
880,22,6,1,15-06-2004,6/15/2004,0
881,2,6,1,15-06-2004,6/15/2004,0
882,82,6,1,15-06-2004,6/15/2004,0
883,87,6,1,07-01-2004,07-01-2004,0
884,60,6,1,15-06-2004,6/15/2004,0
885,109,6,1,17-06-2004,6/17/2004,0
886,22,6,1,16-06-2004,6/16/2004,0
887,23,6,1,16-06-2004,6/16/2004,0
888,54,6,1,07-06-2004,07-06-2004,28
889,21,6,1,17-06-2004,6/17/2004,0
890,5,6,1,17-06-2004,6/17/2004,0
891,40,6,1,18-06-2004,6/18/2004,0
892,22,6,1,18-06-2004,6/18/2004,0
893,21,6,1,19-06-2004,6/19/2004,0
894,25,6,1,19-06-2004,6/19/2003,0
895,7,6,1,19-06-2004,6/19/2004,0
896,18,6,1,19-06-2004,6/19/2004,0
897,110,6,1,28-06-2004,6/28/2004,28
898,90,6,1,21-06-2004,6/21/2004,28
899,22,6,1,21-06-2004,6/21/2004,0
900,35,6,1,21-06-2004,6/21/2004,28
901,111,6,1,21-06-2004,6/21/2004,0
904,107,6,1,22-06-2004,6/22/2004,0
905,22,6,1,22-06-2004,6/22/2004,0
906,8,6,1,22-06-2004,6/22/2004,0
907,25,6,1,23-06-2004,6/23/2004,0
908,22,6,1,23-06-2004,6/23/2004,0
909,67,6,1,23-06-2004,6/23/2004,0
910,2,6,1,24-06-2004,6/24/2004,0
911,22,6,1,24-06-2004,6/24/2004,0
912,5,6,1,24-06-2004,6/24/2004,28
913,101,6,1,25-06-2004,6/25/2004,28
914,107,6,1,25-06-2004,6/25/2004,0
915,21,6,1,26-06-2004,6/26/2004,0
916,22,6,1,26-06-2004,6/26/2004,0
917,96,6,1,28-06-2004,6/28/2004,28
918,25,6,1,28-06-2004,6/28/2003,27.3
920,5,6,1,28-06-2004,6/28/2004,0
921,89,6,1,29-06-2004,6/29/2004,0
922,2,6,1,30-06-2004,6/30/2004,0
923,17,6,1,30-06-2004,6/30/2004,0
924,23,6,1,07-01-2004,07-01-2004,0
925,7,6,1,07-01-2004,07-01-2004,0
926,112,6,1,07-01-2004,07-01-2004,28
927,1,6,1,07-01-2004,07-01-2004,0
928,35,6,1,07-01-2004,07-01-2004,25.58
929,22,6,1,07-02-2004,07-02-2004,0
930,84,6,1,07-02-2004,07-02-2004,0
931,21,6,1,07-03-2004,07-03-2004,0
933,18,6,1,07-03-2004,07-03-2004,0
934,57,6,1,07-05-2004,07-05-2004,0
935,22,6,1,07-05-2004,07-05-2004,0
936,107,6,1,08-01-2004,08-01-2004,0
937,19,6,1,07-05-2004,07-05-2004,0
938,5,6,1,07-05-2004,07-05-2004,28
939,6,6,1,07-06-2004,07-06-2004,0
940,2,6,1,07-06-2004,07-06-2004,0
941,5,6,1,07-06-2004,07-06-2004,0
942,21,6,1,07-07-2004,07-07-2004,0
943,19,6,1,07-07-2004,07-07-2004,0
944,22,6,1,07-07-2004,07-07-2004,0
945,67,6,1,07-07-2004,07-07-2004,0
946,19,6,1,07-07-2004,07-07-2004,0
948,7,6,1,07-07-2004,07-07-2004,0
949,2,6,1,07-08-2004,07-08-2004,0
950,22,6,1,07-08-2004,07-08-2004,0
951,98,6,1,07-08-2004,07-08-2004,28.2
952,84,6,1,07-08-2004,07-08-2004,0
953,114,6,1,07-09-2004,07-09-2004,0
954,108,6,1,07-09-2004,07-09-2004,28
955,3,6,1,07-09-2004,07-09-2004,0
956,34,6,1,07-09-2004,07-09-2004,0
957,34,6,1,07-09-2004,07-09-2004,0
958,6,6,1,07-12-2004,07-12-2004,0
959,79,6,1,07-12-2004,07-12-2004,0
960,2,6,1,07-12-2004,07-12-2004,0
961,7,6,1,07-12-2004,07-12-2004,0
962,5,6,1,07-12-2004,07-12-2004,24.72
963,35,6,1,07-12-2004,07-12-2004,28
964,21,6,1,13-07-2004,7/13/2004,0
965,116,6,1,13-07-2004,7/13/2004,0
966,22,6,1,13-07-2004,7/13/2004,0
968,25,6,1,14-07-2004,7/14/2004,28
969,40,6,1,14-07-2004,7/14/2004,0
970,14,6,1,14-07-2004,7/14/2004,0
971,14,6,1,14-07-2004,7/14/2004,0
972,112,6,1,14-07-2004,7/14/2004,28
973,26,6,1,15-07-2004,7/15/2004,0
974,13,6,1,15-07-2004,7/15/2004,28
975,3,6,1,15-07-2004,7/15/2004,0
976,2,6,1,15-07-2004,7/15/2004,0
977,2,6,1,15-07-2004,7/15/2004,0
978,41,6,1,16-07-2004,7/16/2004,28
979,117,6,1,16-07-2004,7/16/2004,0
980,22,6,1,16-07-2004,7/16/2004,0
981,26,6,1,16-07-2004,7/16/2004,0
982,18,6,1,16-07-2004,7/16/2004,0
983,7,6,1,16-07-2004,7/16/2004,0
984,21,6,1,17-07-2004,7/17/2004,0
985,5,6,1,17-07-2004,7/17/2004,0
986,22,6,1,19-07-2004,7/19/2004,0
987,40,6,1,19-07-2004,7/19/2004,0
988,67,6,1,19-07-2004,7/19/2004,0
989,22,6,1,20-07-2004,7/20/2004,0
990,110,6,1,20-07-2004,7/20/2004,28
991,18,6,1,20-07-2004,7/20/2004,0
992,5,6,1,20-07-2004,7/20/2004,28
993,98,6,1,21-07-2004,7/21/2004,28
994,118,6,1,22-07-2004,7/22/2004,28
995,17,6,1,22-07-2004,7/22/2004,0
996,24,6,1,23-07-2004,7/23/2004,0
997,1,6,1,23-07-2004,7/23/2004,0
998,45,6,1,23-07-2004,7/23/2004,0
999,84,6,1,23-07-2004,7/23/2004,0
1000,5,6,1,23-07-2004,7/23/2004,0
1001,32,6,1,23-07-2004,7/23/2004,0
1002,21,6,1,26-07-2004,7/26/2004,0
1003,42,6,1,26-07-2004,7/26/2004,28
1004,2,6,1,27-07-2004,7/27/2004,0
1005,18,6,1,27-07-2004,7/27/2004,0
1006,37,6,1,29-07-2004,7/29/2004,0
1007,89,6,1,09-01-2004,09-01-2004,0
1008,22,6,1,29-07-2004,7/29/2004,0
1009,7,6,1,30-07-2004,7/30/2004,0
1010,2,6,1,08-02-2004,08-02-2004,0
1012,119,6,1,08-04-2004,08-04-2004,0
1013,32,6,1,08-04-2004,08-04-2004,0
1014,13,6,1,08-05-2004,08-05-2004,28
1015,120,6,1,08-05-2004,08-05-2004,28
1017,40,6,1,08-06-2004,08-06-2004,0
1018,35,6,1,08-07-2004,08-07-2004,28
1019,22,6,1,08-09-2004,08-09-2004,0
1020,59,6,1,08-09-2004,08-09-2004,0
1021,2,6,1,08-09-2004,08-09-2004,0
1022,40,6,1,08-10-2004,08-10-2004,0
1023,122,6,1,08-10-2004,08-10-2004,0
1024,123,6,1,08-11-2004,08-11-2004,0
1025,124,6,1,08-11-2004,08-11-2004,28
1026,22,6,1,08-12-2004,08-12-2004,0
1027,21,6,1,08-12-2004,08-12-2004,0
1029,84,6,1,08-12-2004,08-12-2004,0
1030,126,6,1,08-12-2004,08-12-2004,0
1031,40,6,1,13-08-2004,8/13/2004,0
1032,3,6,1,13-08-2004,8/13/2004,0
1033,2,6,1,13-08-2004,8/13/2004,0
1034,17,6,1,13-08-2004,8/13/2004,0
1036,18,6,1,13-08-2004,8/13/2004,0
1037,127,6,1,13-08-2004,8/13/2004,0
1038,128,6,1,16-08-2004,8/16/2004,0
1039,32,6,1,16-08-2004,8/16/2004,0
1040,18,6,1,16-08-2004,8/16/2004,0
1041,67,6,1,16-08-2004,8/16/2004,0
1042,22,6,1,17-08-2004,8/17/2004,0
1043,129,6,1,17-08-2004,8/17/2004,0
1045,90,6,1,18-08-2004,8/18/2004,28
1046,6,6,1,19-08-2004,8/19/2004,0
1047,5,6,1,19-08-2004,8/19/2004,0
1048,22,6,1,19-08-2004,8/19/2004,0
1049,2,6,1,19-08-2004,8/19/2004,0
1050,1,6,1,19-08-2004,8/19/2004,0
1051,17,6,1,19-08-2004,8/19/2004,0
1052,22,6,1,19-08-2004,8/19/2004,0
1053,3,6,1,19-08-2004,8/19/2004,0
1054,18,6,1,19-08-2004,8/19/2004,0
1055,5,6,1,19-08-2004,8/19/2004,0
1056,2,6,1,20-08-2004,8/20/2004,0
1057,40,6,1,20-08-2004,8/20/2004,0
1058,5,6,1,20-08-2004,8/20/2004,0
1059,21,6,1,20-08-2004,8/20/2004,0
1060,5,6,1,20-08-2004,8/20/2004,0
1061,3,6,1,20-08-2004,8/20/2004,0
1062,13,6,1,20-08-2004,8/20/2004,28
1063,22,6,1,20-08-2004,8/20/2004,0
1064,67,6,1,20-08-2004,8/20/2004,0
1065,111,6,1,20-08-2004,8/20/2004,0
1066,82,6,1,20-08-2004,8/20/2004,0
1067,40,6,1,21-08-2004,8/21/2004,0
1068,91,6,1,09-01-2004,09-01-2004,28
1069,7,6,1,21-08-2004,8/21/2004,0
1070,22,6,1,23-08-2004,8/23/2004,0
1071,79,6,1,23-08-2004,8/23/2004,0
1072,127,6,1,23-08-2004,8/23/2004,28
1073,112,6,1,23-08-2004,8/23/2004,28
1074,6,6,1,23-08-2004,8/23/2004,0
1075,40,6,1,24-08-2004,8/24/2004,0
1076,79,6,1,24-08-2004,8/24/2004,0
1077,3,6,1,24-08-2004,8/24/2004,0
1078,1,6,1,24-08-2004,8/24/2004,0
1079,6,6,1,24-08-2004,8/24/2004,0
1080,2,6,1,24-08-2004,8/24/2004,0
1081,2,6,1,24-08-2004,8/24/2004,0
1082,3,6,1,24-08-2004,8/24/2004,0
1083,1,6,1,24-08-2004,8/24/2004,0
1084,6,6,1,24-08-2004,8/24/2004,0
1085,67,6,1,24-08-2004,8/24/2004,0
1086,35,6,1,24-08-2004,8/24/2004,28
1087,40,6,1,25-08-2004,8/25/2004,0
1088,131,6,1,25-08-2004,8/25/2004,0
1089,84,6,1,25-08-2004,8/25/2004,0
1090,63,6,1,09-01-2004,09-01-2004,28
1091,107,6,1,25-08-2004,8/25/2004,0
1092,18,6,1,25-08-2004,8/25/2004,0
1093,18,6,1,26-08-2004,8/26/2004,0
1094,1,6,1,26-08-2004,8/26/2004,0
1095,57,6,1,27-08-2004,8/27/2004,0
1096,40,6,1,27-08-2004,8/27/2004,0
1097,108,6,1,09-01-2004,09-01-2004,28
1098,21,6,1,27-08-2004,8/27/2004,0
1099,2,6,1,27-08-2004,8/27/2004,0
1100,42,6,1,27-08-2004,8/27/2004,28
1101,5,6,1,27-08-2004,8/27/2004,28
1103,19,6,1,09-01-2004,09-01-2004,0
1104,18,6,1,31-08-2004,8/31/2004,0
1105,64,6,1,09-01-2004,09-01-2004,28
1106,40,6,1,09-01-2004,09-01-2004,0
1107,24,6,1,09-02-2004,09-02-2004,0
1108,18,6,1,09-02-2004,09-02-2004,0
1109,7,6,1,09-02-2004,09-02-2004,0
1110,101,6,1,09-03-2004,09-03-2004,28
1111,5,6,1,09-04-2004,09-04-2004,28
1112,7,6,1,09-04-2004,09-04-2004,0
1113,86,6,1,09-06-2004,09-06-2004,31
1114,32,6,1,09-07-2004,09-07-2004,0
1115,22,6,1,09-07-2004,09-07-2004,0
1116,32,6,1,09-07-2004,09-07-2004,0
1117,110,6,1,09-07-2004,09-07-2004,31
1118,5,6,1,09-07-2004,09-07-2004,0
1119,41,6,1,09-08-2004,09-08-2004,31
1120,74,6,1,09-09-2004,09-09-2004,0
1121,3,6,1,09-09-2004,09-09-2004,0
1122,34,6,1,09-09-2004,09-09-2004,0
1123,18,6,1,09-09-2004,09-09-2004,0
1125,25,6,1,09-10-2004,09-10-2004,0
1126,13,6,1,09-10-2004,09-10-2004,31
1127,82,6,1,09-11-2004,09-11-2004,14.35
1128,22,6,1,13-09-2004,9/13/2004,0
1129,130,6,1,13-09-2004,9/13/2004,31
1130,18,6,1,13-09-2004,9/13/2004,0
1131,117,6,1,14-09-2004,9/14/2004,0
1132,40,6,1,14-09-2004,9/14/2004,0
1133,5,6,1,14-09-2004,9/14/2004,31
1134,32,6,1,15-09-2004,9/15/2004,0
1135,40,6,1,15-09-2004,9/15/2004,0
1136,5,6,1,15-09-2004,9/15/2004,0
1137,2,1,1,15-09-2004,9/15/2004,0
1138,18,1,1,15-09-2004,9/15/2004,0
1139,132,1,1,15-09-2004,9/15/2004,0
1140,132,6,1,16-09-2004,9/16/2004,0
1141,32,6,1,16-09-2004,9/16/2004,0
1142,7,6,1,17-09-2004,9/17/2004,0
1143,24,6,1,17-09-2004,9/17/2004,0
1144,45,6,1,20-09-2004,9/20/2004,0
1145,21,6,1,20-09-2004,9/20/2004,0
1146,22,6,1,20-09-2004,9/20/2004,0
1148,2,6,1,21-09-2004,9/21/2004,0
1149,40,6,1,23-09-2004,9/23/2004,0
1150,79,6,1,23-09-2004,9/23/2004,0
1151,102,6,1,23-09-2004,9/23/2004,0
1152,17,6,1,23-09-2004,9/23/2004,0
1153,18,6,1,23-09-2004,9/23/2004,0
1154,84,6,1,23-09-2004,9/23/2004,0
1155,133,6,1,24-09-2004,9/24/2004,0
1156,64,6,1,25-09-2004,9/25/2004,31
1158,3,6,1,27-09-2004,9/27/2004,0
1159,18,6,1,28-09-2004,9/28/2004,0
1160,134,6,1,29-09-2004,9/29/2004,0
1161,60,6,1,10-01-2004,10-01-2004,0
1163,134,6,1,10-01-2004,10-01-2004,0
1164,6,6,1,10-01-2004,10-01-2004,0
1165,101,6,1,10-01-2004,01-01-2004,0
1166,7,6,1,10-02-2004,10-02-2002,0
1167,22,12,1,21-10-2004,10/21/2004,0
1168,40,6,1,10-04-2004,10-04-2004,0
1169,37,6,1,10-04-2004,10-04-2004,0
1170,135,6,1,10-04-2004,10-04-2004,0
1171,5,6,1,10-04-2004,10-04-2004,31
1172,136,6,1,10-05-2004,10-05-2004,0
1173,137,6,1,10-06-2004,10-06-2004,0
1174,13,6,1,10-06-2004,01-06-2004,31
1175,32,6,1,10-06-2004,10-06-2004,0
1176,41,6,1,10-06-2004,10-06-2004,31
1177,138,6,1,10-07-2004,10-07-2004,31
1178,32,6,1,10-07-2004,10-07-2004,0
1179,82,6,1,10-07-2004,10-07-2004,0
1180,139,6,1,10-08-2004,10-08-2004,0
1181,25,6,1,10-09-2004,10-09-2004,0
1182,140,6,1,10-09-2004,10-09-2004,31
1183,18,6,1,10-09-2004,10-09-2004,0
1184,21,6,1,10-11-2004,10-11-2001,0
1185,40,6,1,10-11-2004,10-11-2004,0
1186,141,6,1,10-11-2004,10-11-2004,31
1187,5,6,1,10-11-2004,10-11-2004,31
1188,5,6,1,10-12-2004,10-12-2004,0
1189,18,6,1,10-12-2004,10-12-2004,0
1190,82,6,1,13-10-2004,10/13/2004,0
1191,8,6,1,13-10-2004,10/13/2004,0
1192,2,6,1,13-10-2004,10/13/2004,0
1193,142,6,1,13-10-2004,10/13/2004,0
1194,143,6,1,14-10-2004,10/14/2004,0
1195,142,6,1,15-10-2004,10/15/2004,0
1196,84,12,1,15-10-2004,10/15/2004,0
1197,136,6,1,16-10-2004,10/16/2004,0
1198,7,6,1,16-10-2004,10/16/2004,0
1199,6,6,1,18-10-2004,10/18/2004,0
1200,140,6,1,18-10-2004,10/18/2004,0
1201,21,6,1,18-10-2004,10/18/2004,0
1202,140,6,1,18-10-2004,10/18/2004,9.2
1203,35,6,1,19-10-2004,10/19/2004,31
1204,18,6,1,19-10-2004,10/19/2004,0
1206,40,6,1,20-10-2004,10/20/2001,0
1207,7,6,1,11-01-2004,11-01-2004,0
1210,145,12,1,11-01-2004,11-01-2004,17
1211,22,12,1,21-10-2004,10/21/2004,0
1212,84,12,1,21-10-2004,10/21/2004,0
1213,67,12,1,21-10-2004,10/21/2004,0
1214,32,12,1,21-10-2004,10/21/2004,0
1216,7,12,1,22-10-2004,10/22/2004,0
1217,82,12,1,23-10-2004,10/23/2004,0
1218,147,12,1,11-05-2004,11-05-2004,31
1219,148,12,1,25-10-2004,10/25/2004,0
1220,40,12,1,26-10-2004,10/26/2004,0
1221,147,12,1,27-10-2004,10/27/2004,31
1223,149,12,1,11-02-2004,11-02-2004,17
1225,5,12,1,27-10-2004,10/27/2004,31
1226,18,12,1,27-10-2004,10/27/2004,0
1228,3,12,1,28-10-2004,10/28/2004,0
1229,151,12,1,28-10-2004,10/28/2004,31
1231,140,12,1,11-03-2004,11-03-2004,31
1232,21,12,1,30-10-2004,10/30/2004,0
1233,8,12,1,30-10-2004,10/30/2004,0
1234,40,6,1,11-01-2004,11-01-2004,0
1235,7,6,1,11-03-2004,11-03-2004,0
1236,151,6,1,11-03-2004,11-03-2004,31
1237,110,6,1,11-03-2004,11-03-2004,31
1238,40,6,1,11-03-2004,11-03-2004,0
1239,18,6,1,11-03-2004,11-03-2004,0
1240,47,6,1,11-04-2004,11-04-2004,0
1241,42,6,1,11-05-2004,11-05-2004,31
1242,112,6,1,11-05-2004,11-05-2004,31
1243,7,6,1,11-05-2004,11-05-2004,0
1244,2,6,1,11-06-2004,11-06-2004,0
1245,140,6,1,11-09-2004,11-09-2004,31
1246,40,6,1,11-09-2004,11-09-2004,0
1247,8,6,1,11-09-2004,11-09-2004,0
1249,152,6,1,11-09-2004,11-09-2004,31
1250,18,6,1,11-09-2004,11-09-2004,0
1251,47,6,1,11-10-2004,11-10-2004,31
1252,21,6,1,11-10-2004,11-10-2004,0
1253,5,6,1,11-10-2004,11-10-2004,31
1254,151,6,1,11-10-2004,11-10-2004,31
1255,1,6,1,11-11-2004,11-11-2004,0
1256,40,6,1,11-12-2004,11-12-2004,0
1257,84,6,1,11-12-2004,11-12-2004,0
1258,8,6,1,11-12-2004,11-12-2004,0
1259,7,6,1,11-12-2004,11-12-2004,0
1260,153,6,1,11-12-2004,11-12-2004,31
1261,24,6,1,11-12-2004,11-12-2004,32.5
1262,40,6,1,13-11-2004,11/13/2004,0
1263,40,6,1,13-11-2004,11/13/2004,0
1264,22,6,1,13-11-2004,11/13/2004,0
1265,22,6,1,15-11-2004,11/15/2004,0
1266,21,6,1,15-11-2004,11/15/2004,0
1267,127,6,1,15-11-2004,11/15/2004,0
1268,19,6,1,16-11-2004,11/16/2004,0
1269,7,6,1,16-11-2004,11/16/2004,0
1270,40,6,1,16-11-2004,11/16/2004,0
1271,155,6,1,16-11-2004,11/16/2004,31
1272,149,6,1,16-11-2004,11/16/2004,31
1273,17,6,1,16-11-2004,11/16/2004,0
1274,148,6,1,16-11-2004,11/16/2004,0
1276,5,6,1,17-11-2004,11/17/2004,31
1277,22,6,1,17-11-2004,11/17/2004,0
1278,156,6,1,17-11-2004,11/17/2004,0
1279,22,6,1,17-11-2004,11/17/2004,0
1280,57,6,1,18-11-2004,11/18/2004,0
1281,40,6,1,19-11-2004,11/19/2004,0
1282,40,6,1,19-11-2004,11/19/2004,0
1283,8,6,1,19-11-2004,11/19/2004,0
1284,22,6,1,19-11-2004,11/19/2004,0
1285,7,6,1,19-11-2004,11/19/2004,0
1286,40,6,1,20-11-2004,11/20/2004,0
1287,22,6,1,20-11-2004,11/20/2004,0
1288,157,1,1,22-11-2004,11/22/2004,0
1289,32,6,1,23-11-2004,11/23/2004,0
1290,102,6,1,24-11-2004,11/24/2004,0
1291,64,6,1,24-11-2004,11/24/2004,31
1292,13,6,1,24-11-2004,11/24/2004,31
1293,18,6,1,24-11-2004,11/24/2004,0
1294,142,6,1,25-11-2004,11/25/2004,0
1295,40,6,1,25-11-2004,11/25/2004,0
1296,2,6,1,25-11-2004,11/25/2004,0
1297,3,6,1,25-11-2004,11/25/2004,0
1298,63,6,1,12-01-2004,12-01-2004,30.75
1299,40,6,1,26-11-2004,11/26/2004,0
1300,158,6,1,26-11-2004,11/26/2004,0
1301,138,6,1,12-02-2004,12-02-2004,31
1302,159,6,1,26-11-2004,11/26/2004,31
1303,40,6,1,27-11-2004,11/27/2004,0
1304,7,6,1,27-11-2004,11/27/2004,0
1305,25,6,1,27-11-2004,11/27/2004,0
1306,35,6,1,12-01-2004,12-01-2004,31
1307,82,6,1,30-11-2004,11/30/2004,0
1308,22,6,1,29-11-2004,11/29/2004,0
1309,22,6,1,29-11-2004,11/29/2004,0
1310,41,6,1,12-01-2004,12-01-2004,31
1311,110,6,1,12-01-2004,12-01-2004,31
1312,145,6,1,12-01-2004,12-01-2004,31
1313,40,6,1,12-01-2004,12-01-2004,0
1314,1,6,1,12-01-2004,12-01-2004,0
1315,45,6,1,12-01-2004,12-01-2004,0
1317,161,6,1,12-03-2004,12-03-2004,0
1318,19,6,1,12-03-2004,12-03-2004,0
1320,19,6,1,12-03-2004,12-03-2004,0
1321,32,6,1,12-03-2004,12-03-2004,0
1322,42,6,1,12-04-2004,12-04-2004,31
1323,22,6,1,12-06-2004,12-06-2004,0
1324,81,6,1,12-06-2004,12-06-2004,0
1325,5,6,1,12-06-2004,12-06-2004,31
1326,162,6,1,12-06-2004,12-06-2004,0
1327,163,12,1,12-06-2004,12-06-2004,0
1328,18,12,1,12-06-2004,12-06-2004,0
1329,22,6,1,12-07-2004,12-07-2004,0
1330,164,6,1,12-07-2004,12-07-2004,31
1331,34,6,1,12-07-2004,12-07-2004,0
1332,2,6,1,12-08-2004,12-08-2004,0
1333,2,6,1,12-08-2004,12-08-2004,0
1334,165,6,1,12-08-2004,12-08-2004,0
1335,17,6,1,12-09-2004,12-09-2004,0
1336,84,6,1,12-10-2004,12-10-2004,31
1337,21,6,1,12-11-2004,12-11-2004,0
1338,161,6,1,14-12-2004,12/14/2004,0
1339,57,6,1,14-12-2004,12/14/2004,0
1340,22,6,1,15-12-2004,12/15/2004,0
1341,135,6,1,15-12-2004,12/15/2004,0
1342,147,6,1,15-12-2004,12/15/2004,31
1343,166,6,1,15-12-2004,12/15/2004,0
1344,60,6,1,17-12-2004,12/17/2004,31
1345,120,6,1,17-12-2004,12/17/2004,31
1346,5,6,1,17-12-2004,12/17/2004,31
1347,18,6,1,17-12-2004,12/17/2004,0
1348,5,6,1,18-12-2004,12/18/2004,0
1349,7,6,1,18-12-2004,12/18/2004,0
1350,35,6,1,18-12-2004,12/18/2004,31.7
1351,8,6,1,18-12-2004,12/18/2004,0
1352,21,6,1,20-12-2004,12/20/2004,0
1353,6,6,1,20-12-2004,12/20/2004,0
1354,167,6,1,21-12-2004,12/21/2004,0
1355,2,6,1,21-12-2004,12/21/2004,0
1356,3,6,1,21-12-2004,12/21/2004,0
1357,152,6,1,22-12-2004,12/22/2004,31
1358,162,6,1,22-12-2004,12/22/2004,0
1360,152,6,1,23-12-2004,12/23/2004,0
1361,6,6,1,23-12-2004,12/23/2004,0
1362,22,6,1,23-12-2004,12/23/2004,0
1363,8,6,1,23-12-2004,12/23/2004,0
1364,84,6,1,24-12-2004,12/24/2004,0
1365,7,6,1,24-12-2004,12/24/2004,0
1366,40,6,1,25-12-2004,12/25/2004,0
1367,25,6,1,25-12-2004,12/25/2004,0
1368,7,6,1,25-12-2004,12/25/2004,0
1369,5,6,1,28-12-2004,12/28/2004,31
1370,40,6,1,28-12-2004,12/28/2004,0
1371,2,6,1,01-01-2005,01-01-2005,0
1372,18,6,1,28-12-2004,12/28/2004,0
1373,21,6,1,29-12-2004,12/29/2004,0
1374,13,6,1,01-01-2005,01-01-2005,31
1375,7,6,1,30-12-2004,12/30/2004,0
1376,21,6,1,01-11-2005,01-11-2005,0
1377,58,6,1,01-11-2005,01-11-2005,0
1378,17,6,1,01-11-2005,01-11-2005,0
1379,40,6,1,01-11-2005,01-11-2005,0
1380,19,6,1,01-11-2005,01-11-2005,0
1381,18,6,1,01-11-2005,01-11-2005,0
1382,19,6,1,01-11-2005,01-11-2005,0
1383,169,6,1,01-12-2005,01-12-2005,0
1384,149,6,1,01-12-2005,01-12-2005,31
1385,110,6,1,13-01-2005,1/13/2005,31
1386,163,6,1,13-01-2005,1/13/2005,0
1387,24,6,1,13-01-2005,1/13/2005,0
1388,8,6,1,13-01-2005,1/13/2005,0
1389,170,6,1,14-01-2005,1/14/2005,0
1390,7,6,1,14-01-2005,1/14/2005,0
1391,84,6,1,14-01-2005,1/14/2005,0
1392,171,6,1,15-01-2005,1/15/2005,31
1393,40,6,1,15-01-2005,1/15/2005,0
1394,7,6,1,16-01-2005,1/16/2005,0
1395,57,6,1,17-01-2005,1/17/2005,0
1396,155,6,1,17-01-2005,1/17/2005,31
1397,2,6,1,17-01-2005,1/17/2005,0
1398,3,6,1,17-01-2005,1/17/2005,0
1399,7,6,1,17-01-2005,1/17/2005,0
1400,35,6,1,17-01-2005,1/17/2005,31
1401,6,6,1,18-01-2005,1/18/2005,0
1403,3,6,1,18-01-2005,1/18/2005,0
1404,112,6,1,18-01-2005,1/18/2005,31
1405,172,6,1,19-01-2005,1/19/2005,0
1406,173,6,1,19-01-2005,1/19/2005,15
1407,40,6,1,19-01-2005,1/19/2005,0
1408,142,6,1,19-01-2005,1/19/2005,0
1409,162,6,1,19-01-2005,1/19/2005,0
1410,174,6,1,19-01-2005,1/19/2005,0
1411,98,6,1,19-01-2005,1/19/2005,31
1412,40,6,1,20-01-2005,1/20/2005,0
1413,175,6,1,20-01-2005,1/20/2005,0
1414,32,6,1,21-01-2005,1/21/2005,0
1415,8,6,1,21-01-2005,1/21/2005,0
1416,32,6,1,21-01-2005,1/21/2005,0
1417,81,6,1,22-01-2005,1/22/2005,0
1418,40,6,1,22-01-2005,1/22/2005,0
1419,5,6,1,22-01-2005,1/22/2005,31
1420,152,6,1,22-01-2005,1/22/2005,31
1421,21,6,1,24-01-2005,1/24/2005,0
1422,37,6,1,24-01-2005,1/24/2005,0
1423,5,6,1,24-01-2005,1/24/2005,0
1424,7,6,1,24-01-2005,1/24/2005,0
1425,60,6,1,25-01-2005,1/25/2005,31
1426,148,6,1,02-01-2005,02-01-2005,0
1427,45,6,1,25-01-2005,1/25/2005,0
1428,57,6,1,26-01-2005,1/26/2005,0
1429,64,6,1,26-01-2005,1/26/2005,31
1431,18,6,,26-01-2005,1/26/2005,0
1433,145,6,1,02-01-2005,02-01-2005,31
1434,1,6,1,27-01-2005,1/27/2005,0
1435,25,6,1,27-01-2005,1/27/2005,0
1436,153,6,1,02-01-2005,02-01-2005,0
1437,24,6,1,28-01-2005,1/28/2005,0
1438,110,6,1,02-01-2005,02-01-2005,31
1439,7,6,1,28-01-2005,1/28/2005,0
1440,84,6,1,28-01-2005,1/28/2005,0
1441,111,6,1,03-01-2005,03-01-2005,0
1442,112,6,1,02-01-2005,02-01-2005,31
1443,87,6,1,03-01-2005,03-01-2005,0
1444,6,6,1,02-01-2005,02-01-2005,0
1445,2,6,1,02-01-2005,02-01-2005,0
1446,159,6,1,02-01-2005,02-01-2005,31
1447,176,6,1,02-02-2005,02-02-2005,0
1448,177,6,1,02-02-2005,02-02-2005,0
1449,8,6,1,02-02-2005,02-02-2005,0
1450,25,6,1,02-02-2005,02-02-2005,0
1451,158,6,1,02-03-2005,02-03-2005,0
1452,178,6,1,02-03-2005,02-03-2005,0
1453,152,6,1,02-03-2005,02-03-2005,31
1454,7,6,1,02-04-2005,02-04-2005,0
1455,35,6,1,02-04-2005,02-04-2005,31
1456,98,6,1,02-07-2005,02-07-2005,31
1457,42,6,1,02-07-2005,02-07-2005,31
1458,140,6,1,02-07-2005,02-07-2005,31
1459,140,6,1,02-07-2005,02-07-2005,31
1460,21,6,1,02-08-2005,02-08-2005,0
1461,2,6,1,02-08-2005,02-08-2005,0
1462,5,6,,02-08-2005,02-08-2005,31
1463,7,6,1,02-08-2005,02-08-2005,0
1464,5,6,1,02-09-2005,02-09-2005,0
1465,170,6,1,02-09-2005,02-09-2005,0
1466,19,6,1,02-09-2005,02-09-2005,0
1467,175,6,1,02-09-2005,02-09-2005,0
1468,19,6,1,02-09-2005,02-09-2005,0
1469,151,6,1,02-09-2005,02-09-2005,31
1470,76,6,1,02-10-2005,02-10-2005,0
1471,164,6,1,02-10-2005,02-10-2005,31
1472,5,6,1,02-10-2005,02-10-2005,31
1473,84,6,1,02-11-2005,02-11-2005,31
1474,40,6,1,02-11-2005,02-11-2005,0
1475,41,6,1,02-11-2005,02-11-2005,31
1476,179,6,1,02-11-2005,02-11-2005,31
1477,180,6,1,02-11-2005,02-11-2005,0
1478,40,6,1,02-12-2005,02-12-2005,0
1479,74,6,1,02-12-2005,02-12-2005,0
1480,7,6,1,02-12-2005,02-12-2005,0
1481,6,6,1,14-02-2005,2/14/2005,0
1482,167,6,1,14-02-2005,2/14/2005,0
1483,21,6,1,14-02-2005,2/14/2005,0
1484,1,6,1,14-02-2005,2/14/2005,0
1485,13,6,1,14-02-2005,2/14/2005,31
1486,173,6,1,15-02-2005,2/15/2005,31
1487,40,6,1,15-02-2005,2/15/2005,0
1488,40,6,1,15-02-2005,2/15/2005,0
1489,139,6,1,15-02-2005,2/15/2005,0
1490,2,6,1,15-02-2005,2/15/2005,0
1491,181,6,1,15-02-2005,2/15/2005,31
1492,35,6,1,15-02-2005,2/15/2005,31
1493,161,6,1,16-02-2005,2/16/2005,0
1494,25,6,1,16-02-2005,2/16/2005,0
1495,3,6,1,16-02-2005,2/16/2005,0
1496,182,6,1,16-02-2005,2/16/2005,0
1497,110,6,1,17-02-2005,2/17/2005,31
1498,152,6,1,17-02-2005,2/17/2005,31
1499,183,6,1,17-02-2005,2/17/2005,16
1500,184,6,1,17-02-2005,2/17/2005,0
1501,162,6,1,17-02-2005,2/17/2005,0
1502,7,6,1,18-02-2005,2/18/2005,0
1503,57,6,1,21-02-2005,2/21/2005,0
1504,40,6,1,21-02-2005,2/21/2005,0
1505,21,6,1,21-02-2005,2/21/2005,0
1506,60,6,1,21-02-2005,2/21/2005,31
1508,112,6,1,21-02-2005,2/21/2005,31
1509,182,6,1,22-02-2005,2/22/2005,31
1510,186,6,1,22-02-2005,2/22/2005,31
1511,40,6,1,24-02-2005,2/24/2005,0
1512,84,6,1,24-02-2005,2/24/2005,0
1513,187,6,1,25-02-2005,2/25/2005,0
1514,32,6,1,25-02-2005,2/25/2005,0
1515,169,6,1,25-02-2005,2/25/2005,0
1516,188,6,1,03-01-2005,03-01-2005,31
1517,7,6,1,26-02-2005,2/26/2005,0
1518,13,6,1,03-02-2005,03-02-2005,31
1519,2,6,1,03-02-2005,03-02-2005,0
1520,5,6,1,03-03-2005,03-03-2005,0
1521,17,6,1,03-02-2005,03-02-2005,0
1522,189,6,1,03-01-2005,03-01-2005,0
1523,40,6,1,03-03-2005,03-03-2005,0
1524,164,6,1,28-02-2005,2/28/2005,31
1525,64,6,1,03-01-2005,03-01-2005,31
1526,186,6,1,03-01-2005,03-01-2005,31
1527,32,6,1,28-02-2005,2/28/2005,0
1528,190,6,1,03-01-2005,03-01-2005,31
1529,191,6,1,03-01-2005,03-01-2005,31
1530,170,6,1,03-01-2005,03-01-2005,0
1531,186,6,1,03-01-2005,03-01-2005,0
1532,41,6,1,03-03-2005,03-03-2005,31
1533,7,6,1,03-03-2005,03-03-2005,0
1534,24,6,1,18-02-2005,2/18/2005,31
1535,7,6,1,03-04-2005,03-04-2005,0
1536,32,6,1,03-04-2005,03-04-2005,0
1537,40,6,1,03-05-2005,03-05-2005,0
1538,32,6,1,03-05-2005,03-05-2005,0
1539,82,6,1,03-05-2005,03-05-2005,0
1540,25,6,1,03-05-2005,03-05-2005,0
1541,186,6,1,03-09-2005,03-09-2005,31
1542,60,6,1,03-09-2005,03-09-2005,31
1543,192,6,1,03-10-2005,03-10-2005,0
1544,149,6,1,03-10-2005,03-10-2005,31
1545,32,6,1,03-11-2005,03-11-2005,0
1546,186,12,1,03-11-2005,03-11-2005,31
1547,34,6,1,03-11-2005,03-11-2005,0
1548,135,6,1,03-12-2005,03-12-2005,0
1549,173,6,1,14-03-2005,3/14/2005,31
1550,152,6,1,15-03-2005,3/15/2005,31
1551,163,6,1,21-03-2005,3/21/2005,0
1552,37,6,1,21-03-2005,3/21/2005,0
1553,98,6,1,21-03-2005,3/21/2005,31
1554,110,6,1,04-01-2005,04-01-2005,31
1555,120,6,1,22-03-2005,3/22/2005,31
1556,64,6,1,23-03-2005,3/23/2005,31
1557,170,6,1,04-01-2005,04-01-2005,0
1558,152,6,1,23-03-2005,3/23/2005,31
1560,7,6,1,24-03-2005,3/24/2005,0
1561,98,6,1,24-03-2005,3/24/2005,31
1562,182,6,1,24-03-2005,3/24/2005,31
1563,87,6,1,25-03-2005,3/25/2005,0
1564,82,6,1,25-03-2005,3/25/2005,0
1565,32,6,1,25-03-2005,3/25/2005,0
1566,19,6,1,28-03-2005,3/28/2005,0
1567,161,6,1,28-03-2005,3/28/2005,0
1568,148,6,1,29-03-2005,3/29/2005,0
1569,45,6,1,29-03-2005,3/29/2005,0
1570,24,6,1,30-03-2005,3/30/2005,31
1571,13,6,1,04-01-2005,04-01-2005,31
1572,112,6,1,04-01-2005,04-01-2005,31
1573,84,6,1,04-01-2005,04-01-2005,0
1574,2,6,1,31-03-2005,3/31/2005,0
1575,5,6,1,31-03-2005,3/31/2005,31
1576,21,6,1,04-01-2005,04-01-2005,0
1577,81,6,1,04-01-2005,04-01-2005,0
1578,41,6,1,04-01-2005,04-01-2005,31
1579,32,6,1,04-01-2005,04-01-2005,0
1580,7,6,1,04-02-2005,04-02-2005,0
1581,40,6,1,04-04-2005,04-04-2005,0
1582,194,6,1,04-04-2005,04-04-2005,0
1583,37,6,1,04-04-2005,04-04-2005,0
1584,155,6,1,04-05-2005,04-05-2005,31
1585,32,6,1,04-05-2005,04-05-2005,0
1586,173,6,1,04-06-2005,04-06-2005,31
1587,24,6,1,04-08-2005,04-08-2005,31
1588,60,6,1,04-09-2005,04-09-2005,31
1589,57,6,1,04-11-2005,04-11-2005,0
1590,2,6,1,04-11-2005,04-11-2005,0
1591,84,6,1,04-12-2005,04-12-2005,0
1592,2,6,1,18-04-2005,4/18/2005,0
1594,21,6,1,18-04-2005,4/18/2005,0
1595,3,6,1,19-04-2005,4/19/2005,0
1596,162,6,1,19-04-2005,4/19/2005,0
1597,2,6,1,19-04-2005,4/19/2005,0
1598,21,6,1,19-04-2005,4/19/2005,0
1599,152,6,1,19-04-2005,4/19/2005,31
1600,5,6,1,19-04-2005,4/19/2005,31
1601,35,6,1,19-04-2005,4/19/2005,31
1602,6,6,1,20-04-2005,4/20/2005,0
1603,108,6,1,20-04-2005,4/20/2005,31
1604,127,6,1,20-04-2005,4/20/2005,0
1605,190,6,1,21-04-2005,4/21/2005,31
1606,112,6,1,21-04-2005,4/21/2005,31
1607,98,6,1,21-04-2005,4/21/2005,31
1608,19,6,1,22-04-2005,4/22/2005,0
1609,170,6,1,05-01-2005,05-01-2005,0
1610,162,6,1,25-04-2005,4/25/2005,0
1611,37,6,1,25-04-2005,4/25/2005,0
1612,3,6,1,25-04-2005,4/25/2005,0
1613,7,6,1,25-04-2005,4/25/2005,0
1614,6,6,1,26-04-2005,4/26/2005,0
1615,152,6,1,26-04-2005,4/26/2005,31
1616,153,6,1,27-04-2005,4/27/2005,0
1617,57,6,1,28-04-2005,4/28/2005,0
1618,98,6,1,05-01-2005,05-01-2005,31
1619,21,6,1,29-04-2005,4/29/2005,0
1620,42,6,1,05-01-2005,05-01-2005,31
1622,108,6,1,05-01-2005,05-01-2005,31
1623,110,6,1,05-03-2005,05-03-2005,31
1624,64,6,1,05-03-2005,05-03-2005,31
1625,176,6,1,05-03-2005,05-03-2005,0
1626,173,6,1,05-03-2005,05-03-2005,31
1627,155,6,1,05-04-2005,05-04-2005,31
1628,7,6,1,05-04-2005,05-04-2005,0
1630,37,6,1,05-11-2005,05-11-2005,0
1632,42,6,1,05-11-2005,05-11-2005,0
1633,18,6,1,05-11-2005,05-11-2005,0
1634,152,6,1,05-11-2005,05-11-2005,31
1635,159,6,1,05-12-2005,05-12-2005,31
1636,84,6,1,05-12-2005,05-12-2005,0
1637,195,6,1,13-05-2005,5/13/2005,31
1638,5,6,1,13-05-2005,5/13/2005,31
1639,2,6,1,13-05-2005,5/13/2005,0
1640,159,6,1,14-05-2005,5/14/2005,31
1641,41,6,1,14-05-2005,5/14/2005,31
1642,2,6,1,16-05-2005,5/16/2005,0
1643,147,6,1,16-05-2005,5/16/2002,31
1644,19,6,1,16-05-2005,5/16/2005,0
1645,7,6,1,16-05-2005,5/16/2005,0
1646,149,6,1,17-05-2005,5/17/2005,31
1647,6,6,1,18-05-2005,5/18/2005,0
1648,25,6,1,18-05-2005,5/18/2005,0
1649,179,6,1,06-01-2005,06-01-2005,31
1650,18,6,1,19-05-2005,5/19/2005,0
1651,84,6,1,19-05-2005,5/19/2005,0
1652,34,6,1,06-01-2005,06-01-2005,0
1654,161,6,1,20-05-2005,5/20/2005,0
1655,24,6,1,20-05-2005,2/20/2005,31
1656,7,6,1,20-05-2005,5/20/2005,0
1657,196,6,1,21-05-2005,5/21/2005,0
1658,2,6,1,23-05-2005,5/23/2005,0
1659,1,6,1,23-05-2005,5/23/2005,0
1660,152,6,1,23-05-2005,5/23/2005,31
1661,159,6,1,25-05-2005,5/25/2005,31
1662,186,6,1,06-04-2005,06-04-2005,31
1663,6,6,1,06-06-2005,06-06-2005,0
1664,74,6,1,06-06-2005,06-06-2005,0
1665,152,6,1,06-06-2005,06-06-2005,31
1666,170,6,1,06-07-2005,06-07-2005,0
1667,108,6,1,06-07-2005,06-07-2005,31
1668,152,6,1,26-05-2005,5/26/2005,0
1669,6,6,1,26-05-2005,5/26/2005,0
1670,57,6,1,24-05-2005,5/24/2005,0
1671,40,6,1,27-05-2005,5/27/2005,0
1672,32,6,1,27-05-2005,5/27/2005,0
1673,147,6,1,27-05-2005,5/27/2005,31
1674,5,6,1,27-05-2005,5/27/2005,31
1675,161,6,1,24-05-2005,5/24/2005,0
1676,18,6,1,27-05-2005,5/27/2005,0
1677,162,6,1,30-05-2005,5/30/2005,0
1678,82,6,1,06-01-2005,06-01-2005,0
1679,60,6,1,30-05-2005,5/30/2005,31
1680,7,6,1,31-05-2005,5/31/2005,0
1681,2,6,1,31-05-2005,5/31/2005,0
1682,102,6,1,31-05-2005,5/31/2005,0
1683,86,6,1,06-01-2005,06-01-2005,31
1684,159,6,1,06-01-2005,06-01-2005,31
1685,155,6,1,06-01-2005,06-01-2005,31
1686,5,6,1,06-01-2005,06-01-2005,31
1689,173,6,1,06-02-2005,06-02-2005,31
1690,7,6,1,06-03-2005,06-03-2005,0
1691,22,6,1,06-03-2005,06-03-2005,0
1692,198,6,1,06-01-2005,06-01-2005,31
1693,35,6,1,25-05-2005,5/25/2005,31
1694,135,6,1,06-01-2005,06-01-2005,0
1695,135,6,1,06-01-2005,06-01-2005,0
1696,17,6,1,26-05-2005,5/26/2005,0
1697,175,6,1,26-05-2005,5/26/2005,0
1698,130,6,1,06-09-2005,06-09-2005,31
1699,24,6,1,06-10-2005,06-10-2005,31
1700,19,6,1,06-10-2005,06-10-2005,0
1701,84,6,1,06-10-2005,06-10-2005,0
1702,21,6,1,06-10-2005,06-10-2005,0
1703,25,6,1,14-06-2005,6/14/2005,0
1704,19,6,1,14-06-2005,6/14/2005,0
1705,159,6,1,14-06-2005,6/14/2005,31
1706,2,6,1,14-06-2005,6/14/2005,0
1707,35,6,1,14-06-2005,6/14/2005,31
1708,170,6,1,14-06-2005,6/14/2005,0
1709,192,6,1,15-06-2005,6/15/2005,0
1710,161,6,1,15-06-2005,6/15/2005,0
1711,41,6,1,15-06-2005,6/15/2005,31
1712,7,6,1,16-06-2005,6/16/2005,0
1713,200,6,1,16-06-2005,6/16/2005,0
1714,63,6,1,16-06-2005,6/16/2005,31
1715,21,6,1,17-06-2005,6/17/2005,0
1716,67,6,1,17-06-2005,6/17/2005,0
1717,201,6,1,17-06-2005,6/17/2005,0
1718,152,6,1,17-06-2005,6/17/2005,31
1719,130,6,1,20-06-2005,6/20/2005,31
1721,37,6,1,20-06-2005,6/20/2005,0
1722,6,6,1,21-06-2005,6/21/2005,0
1723,45,6,1,21-06-2005,6/21/2005,0
1724,2,6,1,21-06-2005,6/21/2005,0
1725,202,6,1,21-06-2005,6/21/2005,0
1726,173,6,1,22-06-2005,6/22/2005,31
1727,21,6,1,22-06-2005,6/22/2005,0
1728,2,6,1,22-06-2005,6/22/2005,0
1729,17,6,1,22-06-2005,6/22/2005,0
1730,18,6,1,22-06-2005,6/22/2005,0
1731,24,6,1,22-06-2005,6/22/2005,31
1732,13,6,1,22-06-2005,6/22/2005,31
1733,190,6,1,23-06-2005,6/23/2005,31
1734,1,6,1,23-06-2005,6/23/2005,0
1735,98,6,1,23-06-2005,6/23/2005,31
1736,84,6,1,23-06-2005,6/23/2005,0
1737,6,6,1,23-06-2005,6/23/2005,0
1738,82,6,1,24-06-2005,6/24/2005,0
1739,5,6,1,24-06-2005,6/24/2005,31
1740,1,6,1,25-06-2005,6/25/2005,0
1741,64,6,1,25-06-2005,6/25/2005,31
1742,25,6,1,07-02-2005,07-02-2005,0
1743,147,6,1,07-01-2005,07-01-2005,31
1744,153,6,1,27-06-2005,6/27/2005,31
1745,60,6,1,27-06-2005,6/27/2005,31
1746,57,6,1,28-06-2005,6/28/2005,0
1747,163,6,1,28-06-2005,6/28/2005,0
1748,149,6,1,07-01-2005,07-01-2005,31
1749,108,6,1,29-06-2005,6/29/2005,31
1750,42,6,1,07-01-2005,07-01-2005,31
1751,41,6,1,07-01-2005,07-01-2005,31
1752,24,6,1,07-01-2005,07-01-2005,0
1753,7,6,1,07-01-2005,07-01-2005,0
1754,152,12,1,07-04-2005,07-04-2005,31
1755,22,12,1,07-04-2005,07-04-2005,0
1756,67,1,1,07-04-2005,07-04-2005,0
1757,25,12,1,28-06-2005,6/28/2005,0
1759,203,12,1,07-05-2005,07-05-2005,31
1760,158,12,1,07-05-2005,07-05-2005,0
1762,140,12,1,07-05-2005,07-05-2005,31
1763,22,12,1,07-06-2005,07-06-2005,0
1764,2,1,1,07-06-2005,07-06-2005,0
1765,7,12,1,07-06-2005,07-06-2005,0
1766,84,12,1,07-06-2005,07-06-2005,0
1767,8,1,1,07-06-2005,07-06-2005,0
1768,35,1,1,07-08-2005,07-08-2005,31
1769,7,12,1,07-09-2005,07-09-2005,0
1770,37,6,1,07-11-2005,07-11-2005,0
1771,98,6,1,07-11-2005,07-11-2005,31
1772,18,6,1,07-11-2005,07-11-2005,0
1773,130,6,1,07-11-2005,07-11-2005,31
1774,25,6,1,07-11-2005,07-11-2005,0
1775,7,6,1,07-12-2005,07-12-2005,0
1776,204,6,1,07-12-2005,07-12-2005,0
1777,22,6,1,13-07-2005,7/13/2005,0
1778,142,6,1,13-07-2005,7/13/2005,0
1779,2,6,1,13-07-2005,7/13/2005,0
1780,179,6,1,13-07-2005,7/13/2005,31
1781,98,6,1,14-07-2005,7/14/2005,31
1782,149,6,1,14-07-2005,7/14/2005,31
1783,5,6,1,14-07-2005,7/14/2005,31
1784,18,6,3,14-07-2005,7/14/2005,0
1785,170,6,1,15-07-2005,7/15/2005,0.7
1786,173,6,1,15-07-2005,7/15/2005,31
1788,152,13,1,18-07-2005,7/18/2005,31
1789,2,6,1,18-07-2005,7/18/2005,0
1790,67,6,1,18-07-2005,7/18/2005,0
1791,3,6,1,20-07-2005,7/20/2005,0
1792,82,6,1,21-07-2005,7/21/2005,0
1793,110,6,1,21-07-2005,7/21/2005,31
1794,22,6,1,22-07-2005,7/22/2005,0
1795,22,6,1,22-07-2005,7/22/2005,0
1796,205,6,1,08-01-2005,08-01-2005,31
1797,140,6,1,23-07-2005,7/23/2005,31
1798,180,6,1,23-07-2005,7/23/2005,0
1799,7,12,1,25-07-2005,7/25/2005,0
1800,22,12,1,25-07-2005,7/25/2005,0
1801,67,1,1,25-07-2005,7/25/2005,0
1802,18,1,1,25-07-2005,7/25/2005,0
1804,13,1,1,26-07-2005,7/26/2005,31
1805,60,1,1,26-07-2005,7/26/2005,31
1806,14,1,1,26-07-2005,7/26/2005,29.8
1807,22,1,1,26-07-2005,7/26/2005,0
1808,2,1,1,26-07-2005,7/26/2005,0
1809,206,8,1,26-07-2005,7/26/2005,31
1810,161,1,1,27-07-2005,7/27/2005,0
1811,140,1,1,08-01-2005,08-01-2005,31
1812,151,1,1,27-07-2005,7/27/2005,31
1813,22,1,1,28-07-2005,7/28/2005,0
1814,6,1,1,28-07-2005,7/28/2005,0
1815,159,1,1,28-07-2005,7/28/2005,31
1816,182,1,1,28-07-2005,7/28/2005,31
1817,6,1,1,28-07-2005,7/28/2005,0
1818,14,1,1,29-07-2005,7/29/2005,31
1819,22,1,1,29-07-2005,7/29/2005,0
1820,84,1,1,29-07-2005,7/29/2005,0
1821,22,1,1,29-07-2005,7/29/2005,0
1822,155,1,1,08-01-2005,08-01-2005,31
1823,151,1,1,29-07-2005,7/29/2005,31
1824,5,1,1,29-07-2005,7/29/2005,31
1825,35,1,1,08-01-2005,08-01-2005,31
1826,64,13,1,08-01-2005,08-01-2005,31
1828,25,13,1,08-01-2005,08-01-2005,0
1829,190,13,1,08-01-2005,08-01-2005,0
1832,22,13,1,08-01-2005,08-01-2005,0
1835,18,13,1,08-01-2005,08-01-2005,0
1836,152,13,1,08-01-2005,08-01-2005,31
1837,22,1,1,08-02-2005,08-02-2005,0
1838,203,1,1,08-02-2005,08-02-2005,31
1839,22,1,1,08-02-2005,08-02-2005,0
1840,41,1,1,08-02-2005,08-02-2005,31
1841,22,1,1,08-03-2005,08-03-2005,0
1842,130,1,1,08-03-2005,08-03-2005,31
1843,195,1,1,08-04-2005,08-04-2005,31
1844,2,1,1,08-04-2005,08-04-2005,0
1845,22,1,1,08-04-2005,08-04-2005,0
1846,7,1,1,08-04-2005,08-04-2005,0
1847,32,1,1,08-04-2005,08-04-2005,0
1848,84,1,1,08-04-2005,08-04-2005,0
1849,24,1,1,08-05-2005,08-05-2005,0
1850,47,1,1,08-05-2005,08-05-2005,31
1851,40,12,1,08-06-2005,08-06-2005,0
1852,6,1,1,08-08-2005,08-08-2005,0
1853,57,1,1,08-08-2005,08-08-2005,0
1854,22,1,1,08-08-2005,08-08-2005,0
1855,22,1,1,08-08-2005,08-08-2005,0
1856,151,1,1,08-08-2005,08-08-2005,31
1857,2,1,1,08-09-2005,08-09-2005,0
1858,22,1,1,08-09-2005,08-09-2005,0
1859,2,1,1,08-09-2005,08-09-2005,31
1860,17,1,1,08-09-2005,08-09-2005,0
1861,207,1,1,08-09-2005,08-09-2005,0
1862,98,1,1,08-09-2005,08-09-2005,31
1863,179,1,1,08-09-2005,08-09-2005,31
1864,208,1,1,08-09-2005,08-09-2005,31
1865,170,1,1,08-09-2005,08-09-2005,0
1866,7,1,1,08-10-2005,08-10-2005,0
1867,40,1,1,08-10-2005,08-10-2005,0
1868,6,1,1,08-10-2005,08-10-2005,0
1869,22,1,1,08-10-2005,08-10-2005,0
1870,3,1,1,08-10-2005,08-10-2005,0
1871,42,1,1,08-10-2005,08-10-2005,31
1872,176,1,1,08-11-2005,08-11-2005,0
1873,190,1,1,08-11-2005,08-11-2005,31
1874,25,1,1,08-11-2005,08-11-2005,0
1875,63,1,1,08-11-2005,08-11-2005,31
1876,22,1,1,08-11-2005,08-11-2005,0
1877,22,1,1,08-11-2005,08-11-2005,0
1878,1,1,1,08-11-2005,08-11-2005,0
1879,162,1,1,08-11-2005,08-11-2005,0
1880,147,1,1,08-11-2005,08-11-2005,31
1881,82,1,1,08-11-2005,08-11-2005,31
1882,21,1,1,08-12-2005,08-12-2005,0
1883,185,1,1,08-12-2005,08-12-2005,31
1884,183,1,1,08-12-2005,08-12-2005,31
1885,22,1,1,13-08-2005,8/13/2005,0
1886,86,1,1,13-08-2005,8/13/2005,31
1887,86,1,1,13-08-2005,8/13/2005,0
1890,7,1,1,13-08-2005,8/13/2005,0
1891,60,1,1,13-08-2005,8/13/2005,31
1892,22,1,1,15-08-2005,8/15/2005,0
1893,173,1,1,15-08-2005,8/15/2005,31
1894,18,1,1,15-08-2005,8/15/2005,0
1895,206,1,1,16-08-2005,8/16/2005,31
1896,22,1,1,16-08-2005,8/16/2005,0
1897,35,1,1,16-08-2005,8/16/2005,31
1898,13,1,1,16-08-2005,8/16/2005,31
1900,209,1,1,16-08-2005,8/16/2005,0
1901,152,1,1,17-08-2005,8/17/2005,31
1902,22,1,1,17-08-2005,8/17/2005,0
1903,188,1,1,17-08-2005,8/17/2005,31
1904,159,1,1,17-08-2005,8/17/2005,30.9
1905,21,1,1,18-08-2005,8/18/2005,0
1906,22,1,1,18-08-2005,8/18/2005,0
1907,210,1,1,18-08-2005,8/18/2005,31
1908,22,1,1,19-08-2005,8/19/2005,0
1909,24,1,1,19-08-2005,8/19/2005,0
1910,17,1,1,19-08-2005,8/19/2005,0
1911,199,1,1,19-08-2005,8/19/2005,31
1912,190,1,1,22-08-2005,8/22/2005,31
1913,209,1,1,22-08-2005,8/22/2005,0
1914,18,1,1,22-08-2005,8/22/2005,0
1915,22,1,1,22-08-2005,8/22/2005,0
1917,6,1,1,23-08-2005,8/23/2005,0
1918,22,1,1,23-08-2005,8/23/2005,0
1919,209,1,1,23-08-2005,8/23/2005,0
1920,209,1,1,23-08-2005,8/23/2005,0
1921,22,1,1,24-08-2005,8/24/2005,0
1922,22,1,1,24-08-2005,8/24/2005,0
1923,41,1,1,24-08-2005,8/24/2005,31
1924,22,1,1,24-08-2005,8/24/2005,0
1925,17,1,1,24-08-2005,8/24/2005,0
1926,22,1,1,25-08-2005,8/25/2005,0
1927,84,1,1,26-08-2005,8/26/2005,0
1928,22,1,1,26-08-2005,8/26/2005,0
1929,35,1,1,26-08-2005,8/26/2005,31
1930,22,1,1,27-08-2005,8/27/2005,0
1931,208,1,1,27-08-2005,8/27/2005,0
1932,211,1,1,29-08-2005,8/29/2005,0
1933,21,1,1,29-08-2005,8/29/2005,0
1934,7,1,1,29-08-2005,8/29/2005,0
1935,22,1,1,29-08-2005,8/29/2005,0
1936,47,1,1,29-08-2005,8/29/2005,31
1937,64,1,1,29-08-2005,8/29/2005,31
1939,18,1,1,29-08-2005,8/29/2005,0
1940,149,1,1,09-01-2005,09-01-2005,31
1941,22,1,1,30-08-2005,8/30/2005,0
1942,173,1,1,09-01-2005,09-01-2005,31
1943,110,1,1,09-01-2005,09-01-2005,31
1944,209,1,1,30-08-2005,8/30/2005,0
1945,209,1,1,30-08-2005,8/30/2005,0
1947,17,1,1,31-08-2005,8/31/2005,0
1948,22,1,1,09-01-2005,09-01-2005,0
1949,19,1,1,09-01-2005,09-01-2005,0
1950,8,12,1,09-02-2005,09-02-2005,0
1951,7,12,1,09-02-2005,09-02-2005,0
1952,24,12,1,09-02-2005,09-02-2005,31
1953,162,12,1,09-02-2005,09-02-2005,0
1954,13,12,1,09-02-2005,09-02-2005,31
1955,22,12,1,09-03-2005,09-03-2005,0
1957,22,12,1,09-05-2005,09-05-2005,0
1958,190,1,1,09-05-2005,09-05-2005,31
1959,176,1,1,09-05-2005,09-05-2005,0
1960,209,12,1,09-05-2005,09-05-2005,0
1961,161,12,1,09-05-2005,09-05-2005,0
1962,22,12,1,09-05-2005,09-05-2005,0
1963,213,12,1,09-05-2005,09-05-2005,0
1964,152,12,1,09-05-2005,09-05-2005,31
1965,203,1,1,09-06-2005,09-06-2005,0
1966,7,12,1,09-06-2005,09-06-2005,0
1967,7,1,1,09-06-2005,09-06-2005,0
1968,22,12,1,09-07-2005,09-07-2005,0
1970,22,12,1,09-07-2005,09-07-2005,0
1971,209,12,1,09-07-2005,09-07-2005,0
1972,206,12,1,09-07-2005,09-07-2005,31
1973,14,12,1,09-07-2005,09-07-2005,0
1974,2,1,1,09-08-2005,09-08-2005,0
1975,22,1,1,09-08-2005,09-08-2005,0
1977,84,12,1,09-08-2005,09-08-2005,0
1978,22,12,1,09-09-2005,09-09-2005,0
1979,7,12,1,09-09-2005,09-09-2005,0
1980,19,12,1,09-09-2005,09-09-2005,0
1981,5,12,1,09-09-2005,09-09-2005,31
1982,40,15,1,09-10-2005,09-10-2005,0
1983,209,12,1,09-10-2005,09-10-2005,0
1984,208,12,1,09-10-2005,09-10-2005,0
1985,21,15,1,09-12-2005,09-12-2005,0
1987,22,8,1,13-09-2005,9/13/2005,0
1989,47,8,1,13-09-2005,9/13/2005,31
1990,151,8,1,13-09-2005,9/13/2005,31
1991,22,8,1,13-09-2005,9/13/2005,0
1992,7,1,1,13-09-2005,9/13/2005,0
1993,186,8,1,13-09-2005,9/13/2005,31
1994,18,1,1,13-09-2005,9/13/2005,0
1995,40,8,1,14-09-2005,9/14/2005,0
1996,209,8,1,14-09-2005,9/14/2005,0
1997,215,1,1,14-09-2005,9/14/2005,0
1998,82,8,1,15-09-2005,9/15/2005,31
1999,195,8,1,16-09-2005,9/16/2005,31
2000,22,8,1,16-09-2005,9/16/2005,0
2001,60,14,1,16-09-2005,9/16/2005,31
2002,180,8,1,17-09-2005,9/17/2005,0
2003,41,8,1,17-09-2005,9/17/2005,31
2004,22,1,1,19-09-2005,9/19/2005,0
2005,7,14,1,19-09-2005,9/19/2005,0
2007,6,14,1,19-09-2005,9/19/2005,0
2008,22,8,1,19-09-2005,9/19/2005,0
2009,215,8,1,19-09-2005,9/19/2005,0
2010,216,8,1,19-09-2005,9/19/2005,31
2012,18,14,1,19-09-2005,9/19/2005,0
2013,203,14,1,20-09-2005,9/20/2005,0
2014,6,14,1,20-09-2005,9/20/2005,0
2015,22,14,1,20-09-2005,9/20/2005,0
2016,19,14,1,20-09-2005,9/20/2005,0
2017,153,14,1,20-09-2005,9/20/2005,31
2018,19,14,1,20-09-2005,9/20/2005,0
2019,147,1,1,21-09-2005,9/21/2005,31
2021,22,8,1,21-09-2005,9/21/2005,0
2022,22,14,1,22-09-2005,9/22/2005,0
2023,217,8,1,22-09-2005,9/22/2005,0
2024,218,1,1,22-09-2005,9/22/2005,0
2025,24,14,1,23-09-2005,9/23/2005,0
2026,161,14,1,23-09-2005,9/23/2005,0
2027,186,14,1,23-09-2005,9/23/2005,31
2028,40,8,1,24-09-2005,9/24/2005,0
2029,19,8,1,24-09-2005,9/24/2005,0
2030,7,15,1,24-09-2005,9/24/2005,0
2031,22,15,1,24-09-2005,9/24/2005,0
2032,190,14,1,26-09-2005,9/26/2005,31
2033,21,14,1,26-09-2005,9/26/2005,0
2034,219,14,1,26-09-2005,9/26/2005,0
2035,22,14,1,26-09-2005,9/26/2005,0
2036,47,14,1,26-09-2005,9/26/2005,31
2037,1,14,1,26-09-2005,9/26/2005,0
2040,152,14,1,10-01-2005,10-01-2005,31
2041,170,14,1,10-01-2005,10-01-2005,0
2042,18,14,1,29-09-2005,9/29/2005,0
2043,221,14,1,29-09-2005,9/29/2005,0
2044,7,14,1,30-09-2005,9/30/2005,0
2045,84,14,1,30-09-2005,9/30/2005,0
2046,40,8,1,10-01-2005,10-01-2005,0
2047,22,8,1,10-01-2005,10-01-2005,0
2048,22,14,1,10-03-2005,10-03-2005,0
2049,21,14,1,10-03-2005,10-03-2005,0
2050,19,15,1,24-09-2005,9/24/2005,0
2052,35,14,1,10-03-2005,10-03-2005,31
2054,6,14,1,10-04-2005,10-04-2005,0
2055,19,14,1,10-04-2005,10-04-2005,0
2056,19,14,1,10-04-2005,10-04-2005,0
2057,110,14,1,10-04-2005,10-04-2005,31
2058,203,14,1,10-04-2005,10-04-2005,0
2060,64,14,1,10-05-2005,10-05-2005,31
2061,222,14,1,10-05-2005,10-05-2005,0
2062,22,8,1,10-06-2005,10-06-2005,0
2063,40,8,1,10-06-2005,10-06-2005,0
2064,2,8,1,10-06-2005,10-06-2005,0
2065,19,14,1,10-07-2005,10-07-2005,0
2066,84,14,1,10-07-2005,10-07-2005,0
2067,145,14,1,10-07-2005,10-07-2005,31
2068,22,14,1,10-07-2005,10-07-2005,0
2069,215,8,1,10-08-2005,10-08-2005,0
2070,22,8,1,10-08-2005,10-08-2005,0
2071,22,8,1,10-08-2005,10-08-2005,0
2072,196,8,1,10-08-2005,10-08-2005,0
2073,7,8,1,10-08-2005,10-08-2005,0
2074,22,14,1,10-11-2005,10-11-2005,0
2075,40,14,1,10-11-2005,10-11-2005,0
2076,7,1,1,10-06-2005,10-06-2005,0
2077,152,14,1,10-12-2005,10-12-2005,31
2078,57,8,1,13-10-2005,10/13/2005,0
2079,22,14,1,13-10-2005,10/13/2005,0
2080,18,14,1,13-10-2005,10/13/2005,0
2081,41,8,1,14-10-2005,10/14/2005,31
2082,42,8,1,15-10-2005,10/15/2005,31
2083,22,14,1,17-10-2005,10/17/2005,0
2084,173,14,1,17-10-2005,10/17/2005,31
2085,45,14,1,17-10-2005,10/17/2005,0
2086,21,14,1,18-10-2005,10/18/2005,0
2087,60,14,1,18-10-2005,10/18/2005,31
2088,35,14,1,18-10-2005,10/18/2005,31
2089,40,14,1,19-10-2005,10/19/2005,0
2090,2,14,1,19-10-2005,10/19/2005,0
2091,19,14,1,19-10-2005,10/19/2005,0
2092,8,14,1,19-10-2005,10/19/2005,0
2093,223,14,1,20-10-2005,10/20/2005,0
2094,67,14,1,20-10-2005,10/20/2005,0
2095,224,14,1,21-10-2005,10/21/2005,0
2096,8,14,1,21-10-2005,10/21/2005,0
2097,225,14,1,21-10-2005,10/21/2005,31
2098,19,14,1,21-10-2005,10/21/2005,0
2099,19,14,1,21-10-2005,10/21/2005,0
2100,19,14,1,21-10-2005,10/21/2005,0
2101,22,15,1,22-10-2005,10/22/2005,0
2102,208,15,,22-10-2005,10/22/2005,0
2103,117,15,1,24-10-2005,10/24/2005,0
2105,186,14,1,24-10-2005,10/24/2005,31
2107,18,14,1,24-10-2005,10/24/2005,0
2108,5,14,1,24-10-2005,10/24/2005,31
2109,40,14,1,25-10-2005,10/25/2005,0
2110,203,14,,25-10-2005,10/25/2005,31
2111,8,14,1,25-10-2005,10/25/2005,0
2112,22,1,1,26-10-2005,10/26/2005,0
2113,19,1,1,26-10-2005,10/26/2005,0
2114,19,1,1,26-10-2005,10/26/2005,0
2115,6,1,1,11-01-2005,11-01-2005,0
2116,21,14,1,26-10-2005,10/26/2005,0
2117,13,14,1,26-10-2005,10/26/2005,31
2118,35,14,1,26-10-2005,10/26/2005,31
2119,24,1,1,28-10-2005,10/28/2005,0
2120,152,1,1,28-10-2005,10/28/2005,31
2121,19,1,1,11-01-2005,11-01-2005,0
2123,152,14,1,11-01-2005,11-01-2005,0
2124,2,14,1,11-01-2005,11-01-2005,0
2125,21,14,1,11-01-2005,11-01-2005,0
2126,218,14,1,11-01-2005,11-01-2005,0
2127,186,14,1,11-02-2005,11-02-2005,31
2128,7,14,1,11-02-2005,11-02-2005,0
2129,5,14,1,11-02-2005,11-02-2005,31
2130,40,14,1,11-03-2005,11-03-2005,0
2131,67,14,1,11-03-2005,11-03-2005,0
2132,161,14,1,11-03-2005,11-03-2005,0
2133,209,14,1,11-03-2005,11-03-2005,0
2134,84,14,1,11-03-2005,11-03-2005,0
2135,18,14,1,11-03-2005,11-03-2005,0
2136,218,14,1,11-03-2005,11-03-2005,0
2137,180,15,1,11-03-2005,11-03-2005,0
2138,199,15,1,11-07-2005,11-07-2005,31
2139,208,1,1,11-07-2005,11-07-2005,0
2140,5,14,1,11-07-2005,11-07-2005,31
2141,82,14,1,11-08-2005,11-08-2005,31
2143,227,14,1,11-08-2005,11-08-2005,0
2144,210,14,1,11-08-2005,11-08-2005,31
2145,98,14,1,11-09-2005,11-09-2005,31
2146,176,14,1,11-09-2005,11-09-2005,0
2147,64,14,1,11-09-2005,11-09-2005,31
2148,5,14,1,11-10-2005,11-10-2005,0
2149,19,14,1,11-11-2005,11-11-2005,0
2150,19,14,1,11-11-2005,11-11-2005,0
2151,19,14,1,11-11-2005,11-11-2005,0
2152,19,14,1,11-11-2005,11-11-2005,0
2153,7,14,1,11-11-2005,11-11-2005,0
2155,24,8,1,14-11-2005,11/14/2005,31
2156,188,8,1,14-11-2005,11/14/2005,31
2157,216,8,1,14-11-2005,11/14/2005,31
2158,18,15,1,14-11-2005,11/14/2005,0
2159,2,15,1,15-11-2005,11/15/2005,0
2160,97,15,1,16-11-2005,11/16/2005,0
2161,40,8,1,17-11-2005,11/17/2005,0
2162,149,8,1,17-11-2005,11/17/2005,31
2163,155,8,1,17-11-2005,11/17/2005,31
2164,145,8,1,17-11-2005,11/17/2005,31
2165,84,1,1,18-11-2005,11/18/2005,0
2166,18,1,1,18-11-2005,11/18/2005,0
2167,203,8,1,12-01-2005,12-01-2005,31
2168,190,14,1,21-11-2005,11/21/2005,31
2170,173,8,1,23-11-2005,11/23/2005,31
2171,179,8,1,23-11-2005,11/23/2005,31
2172,19,8,1,23-11-2005,11/23/2005,0
2173,60,8,1,24-11-2005,11/24/2005,31
2174,19,8,1,24-11-2005,11/24/2005,0
2175,110,8,1,25-11-2005,11/25/2005,31
2176,18,15,1,25-11-2005,11/25/2005,0
2177,152,8,1,26-11-2005,11/26/2005,31
2178,228,8,1,26-11-2005,11/26/2005,0
2179,152,8,1,28-11-2005,11/28/2005,0
2180,18,14,1,28-11-2005,11/28/2005,0
2181,7,8,1,30-11-2005,11/30/2005,0
2182,7,1,1,12-01-2005,12-01-2005,0
2183,25,14,1,12-01-2005,12-01-2005,0
2184,208,8,1,12-01-2005,12-01-2005,0
2185,17,8,1,12-02-2005,12-02-2005,0
2186,40,8,1,12-02-2005,12-02-2005,0
2188,209,8,1,12-02-2005,12-02-2005,0
2189,22,8,,12-02-2005,12-02-2005,0
2190,19,8,1,12-03-2005,12-03-2005,0
2191,84,8,1,12-03-2005,12-03-2005,0
2192,2,8,1,12-03-2005,12-03-2005,0
2193,216,8,1,12-05-2005,12-05-2005,31
2194,162,8,1,12-06-2005,12-06-2005,0
2195,21,8,1,12-06-2005,12-06-2005,0
2196,67,8,1,12-06-2005,12-06-2005,0
2197,208,14,1,12-07-2005,12-07-2005,0
2198,35,14,1,12-07-2005,12-07-2005,31
2199,41,14,1,12-07-2005,12-07-2005,31
2200,7,8,1,12-08-2005,12-08-2005,0
2201,67,8,1,12-08-2005,12-08-2005,0
2202,7,8,1,12-09-2005,12-09-2005,0
2203,19,8,1,12-10-2005,12-10-2005,0
2204,229,8,1,12-10-2005,12-10-2005,0
2205,203,8,1,13-12-2005,12/13/2005,31
2206,24,8,1,13-12-2005,12/13/2005,31
2207,229,8,1,14-12-2005,12/14/2005,0
2208,82,8,1,15-12-2005,12/15/2005,31
2209,180,8,1,14-12-2005,12/14/2005,0
2210,40,8,1,15-12-2005,12/15/2005,0
2211,2,14,1,15-12-2005,12/15/2005,0
2212,18,8,1,15-12-2005,12/15/2005,0
2213,84,8,1,16-12-2005,12/16/2005,0
2214,35,8,1,16-12-2005,12/16/2005,31
2215,230,8,1,19-12-2005,12/19/2005,0
2216,2,14,1,19-12-2005,12/19/2005,0
2217,13,8,1,19-12-2005,12/19/2005,31
2218,208,8,1,19-12-2005,12/19/2005,0
2219,67,8,1,19-12-2005,12/19/2005,0
2220,183,8,1,19-12-2005,12/19/2005,31
2221,179,8,1,20-12-2005,12/20/2005,31
2222,7,8,1,20-12-2005,12/20/2005,0
2223,5,14,1,20-12-2005,12/20/2005,31
2224,19,8,1,21-12-2005,12/21/2005,0
2225,1,14,1,21-12-2005,12/21/2005,0
2226,41,8,1,22-12-2005,12/22/2005,31
2227,180,8,1,22-12-2005,12/22/2005,0
2228,228,8,1,22-12-2005,12/22/2005,31
2229,64,8,1,22-12-2005,12/22/2005,31
2230,57,8,1,26-12-2005,12/26/2005,0
2231,60,8,1,26-12-2005,12/26/2005,31
2232,180,8,1,26-12-2005,12/26/2005,0
2233,25,8,1,27-12-2005,12/27/2005,0
2234,2,8,1,27-12-2005,12/27/2005,0
2235,231,8,1,28-12-2005,12/28/2005,0
2236,84,14,1,28-12-2005,12/28/2005,0
2238,232,1,1,01-03-2006,01-03-2006,0
2239,2,8,1,01-10-2006,01-10-2006,0
2240,233,8,1,01-10-2006,01-10-2006,31
2241,21,14,1,01-11-2006,01-11-2006,0
2242,161,14,1,01-11-2006,01-11-2006,0
2243,234,8,1,01-12-2006,01-12-2006,0
2244,179,8,1,01-12-2006,01-12-2006,31
2245,18,14,1,01-12-2006,01-12-2006,0
2246,84,8,1,13-01-2006,1/13/2006,0
2247,67,8,1,13-01-2006,1/13/2006,0
2248,5,8,1,13-01-2006,1/13/2006,31
2250,104,8,1,16-01-2006,1/16/2006,31
2251,152,8,1,16-01-2006,1/16/2006,31
2252,63,8,1,17-01-2006,1/17/2006,31
2253,231,8,1,17-01-2006,1/17/2006,0
2254,231,8,1,17-01-2006,1/17/2006,0
2255,231,8,1,18-01-2006,1/18/2006,0
2256,235,8,1,18-01-2006,1/18/2006,0
2257,170,14,1,02-01-2006,02-01-2006,0
2258,203,14,1,02-01-2006,02-01-2006,31
2259,110,14,1,19-01-2006,1/19/2006,31
2260,171,14,1,19-01-2006,1/19/2006,31
2262,24,8,1,20-01-2006,1/20/2006,31
2263,84,8,1,20-01-2006,1/20/2006,0
2264,210,8,1,20-01-2006,1/20/2006,31
2265,203,8,1,18-02-2006,2/18/2006,31
2266,42,8,1,21-01-2006,1/21/2006,31
2267,13,8,1,23-01-2006,1/23/2006,31
2268,18,14,1,26-01-2006,1/26/2006,0
2269,208,14,1,27-01-2006,1/27/2006,0
2270,219,14,1,27-01-2006,1/27/2006,0
2271,236,8,1,28-01-2006,1/28/2006,0
2272,57,8,1,30-01-2006,1/30/2006,0
2273,208,8,1,30-01-2006,1/30/2006,0
2274,158,8,1,30-01-2006,1/30/2006,0
2275,82,8,1,30-01-2006,1/30/2006,31
2276,231,8,1,02-02-2006,02-02-2006,0
2277,40,8,1,02-02-2006,02-02-2006,0
2278,237,8,1,02-02-2006,02-02-2006,31
2279,24,8,1,02-03-2006,02-03-2006,31
2280,187,8,1,02-03-2006,02-03-2006,0
2281,84,8,1,02-03-2006,02-03-2006,0
2282,64,8,1,02-03-2006,02-03-2006,31
2283,218,14,1,02-03-2006,02-03-2006,0
2284,228,8,1,02-04-2006,02-04-2006,0
2285,7,8,1,02-04-2006,02-04-2006,0
2286,149,8,1,02-06-2006,02-06-2006,31
2287,7,14,1,02-07-2006,02-07-2006,0
2288,60,8,1,02-07-2006,02-07-2006,31
2289,176,8,1,02-07-2006,02-07-2006,0
2290,137,8,1,02-07-2006,02-07-2006,0
2291,162,14,1,02-07-2006,02-07-2006,0
2293,18,14,1,02-08-2006,02-08-2006,0
2294,152,8,1,02-09-2006,02-09-2006,31
2295,25,8,1,02-09-2006,02-09-2006,0
2296,21,8,1,02-09-2006,02-09-2006,0
2297,234,14,1,02-09-2006,02-09-2006,0
2299,13,14,1,02-09-2006,02-09-2006,31
2300,173,8,1,02-10-2006,02-10-2006,31
2301,238,14,1,02-10-2006,02-10-2006,0
2302,25,14,1,03-01-2006,03-01-2006,0
2303,40,8,1,02-11-2006,02-11-2006,0
2304,21,8,1,13-02-2006,2/13/2006,0
2305,67,8,1,13-02-2006,2/13/2006,0
2307,18,8,1,16-02-2006,2/16/2006,0
2308,216,8,1,17-02-2006,2/17/2006,31
2309,41,8,1,17-02-2006,2/17/2006,31
2310,82,8,1,17-02-2006,2/17/2006,31
2311,13,8,1,17-02-2006,2/17/2006,31
2312,8,8,1,17-02-2006,2/17/2006,0
2313,35,8,1,17-02-2006,2/17/2006,31
2314,84,14,1,17-02-2006,2/17/2006,0
2315,117,1,1,21-02-2006,2/21/2006,0
2317,60,15,1,21-02-2006,2/21/2006,0
2318,2,15,1,21-02-2006,2/21/2006,0
2319,67,15,1,21-02-2006,2/21/2006,0
2320,34,15,1,21-02-2006,2/21/2006,0
2321,40,8,1,22-02-2006,2/22/2006,0
2322,231,8,1,22-02-2006,2/22/2006,0
2323,152,8,1,22-02-2006,2/22/2006,31
2324,239,8,1,22-02-2006,2/22/2006,0
2325,110,8,1,22-02-2006,2/22/2006,31
2326,18,8,1,22-02-2006,2/22/2006,0
2327,98,8,1,26-02-2006,2/26/2006,31
2328,18,8,1,26-02-2006,2/26/2006,0
2329,84,15,1,26-02-2006,2/26/2006,0
2330,228,8,1,27-02-2006,2/27/2006,31
2331,224,14,1,27-02-2006,2/27/2006,0
2332,18,14,1,27-02-2006,2/27/2006,0
2333,82,8,1,28-02-2006,2/28/2006,31
2334,233,8,1,03-01-2006,03-01-2006,31
2335,7,14,1,03-01-2006,03-01-2006,0
2336,221,14,1,03-01-2006,03-01-2006,0
2337,60,8,1,03-02-2006,03-02-2006,62
2338,2,14,1,03-03-2006,03-03-2006,0
2339,182,14,1,03-03-2006,03-03-2006,31
2340,35,8,1,03-04-2006,03-04-2006,31
2341,2,8,1,03-06-2006,03-06-2006,0
2342,240,8,1,03-06-2006,03-06-2006,0
2343,221,14,1,03-06-2006,03-06-2006,0
2344,41,8,1,03-07-2006,03-07-2006,31
2345,241,8,1,03-07-2006,03-07-2006,0
2346,13,8,1,03-07-2006,03-07-2006,31
2347,24,8,1,03-07-2006,03-07-2006,31
2348,241,8,1,03-09-2006,03-09-2006,0
2349,239,8,1,03-10-2006,03-10-2006,31
2351,24,8,1,03-10-2006,03-10-2006,0
2352,233,8,1,03-10-2006,03-10-2006,31
2353,18,15,1,03-10-2006,03-10-2006,0
2354,40,1,1,03-11-2006,03-11-2006,0
2355,221,1,1,03-11-2006,03-11-2006,0
2356,188,8,1,13-03-2006,3/13/2006,31
2357,67,8,1,13-03-2006,3/13/2006,0
2358,162,14,1,14-03-2006,3/14/2006,0
2359,221,14,1,14-03-2006,3/14/2006,0
2362,7,8,1,16-03-2006,3/16/2006,0
2363,176,8,1,16-03-2006,3/16/2006,0
2364,153,8,1,16-03-2006,3/16/2006,31
2365,231,14,1,28-02-2006,2/28/2006,0
2366,231,14,1,03-06-2006,03-06-2006,0
2367,159,8,1,16-03-2006,3/16/2006,31
2368,222,8,1,16-03-2006,3/16/2006,0
2369,67,8,1,17-03-2006,3/17/2006,0
2370,24,8,1,17-03-2006,3/17/2006,0
2371,24,8,1,17-03-2006,3/17/2006,0
2372,84,8,1,17-03-2006,3/17/2006,0
2373,203,8,1,17-03-2006,3/17/2006,31
2374,221,8,1,17-03-2006,3/17/2006,0
2375,63,8,1,18-03-2006,3/18/2006,31
2376,225,8,1,18-03-2006,3/18/2006,31
2377,186,16,1,18-03-2006,3/18/2006,31
2378,186,16,1,18-03-2006,3/18/2006,0
2379,186,16,1,18-03-2006,3/18/2006,0
2380,186,16,1,18-03-2006,3/18/2006,0
2381,231,16,1,15-03-2006,3/15/2006,0
2382,231,16,1,18-03-2006,3/18/2006,0
2383,218,8,1,20-03-2006,3/20/2006,0
2384,241,16,1,21-03-2006,3/21/2006,0
2385,173,8,1,21-03-2006,3/21/2006,31
2386,35,14,1,21-03-2006,3/21/2006,31
2387,137,8,1,22-03-2006,3/22/2006,0
2388,152,8,1,22-03-2006,3/22/2006,31
2389,218,8,1,22-03-2006,3/22/2006,0
2390,21,14,,23-03-2006,3/23/2006,0
2391,242,14,1,23-03-2006,3/23/2006,0
2392,243,14,1,23-03-2006,3/23/2006,0
2393,18,14,1,23-03-2006,3/23/2006,0
2394,60,8,1,24-03-2006,3/24/2006,31
2395,155,8,1,24-03-2006,3/24/2006,31
2396,98,8,1,24-03-2006,3/24/2006,31
2397,244,14,1,24-03-2006,3/24/2006,31
2398,221,14,1,24-03-2006,3/24/2006,0
2399,84,14,1,24-03-2006,3/24/2006,0
2400,25,14,1,24-03-2006,3/24/2006,0
2401,40,16,1,25-03-2006,3/25/2006,0
2402,42,8,1,25-03-2006,3/25/2006,31
2403,7,8,1,25-03-2006,3/25/2006,0
2404,57,14,1,27-03-2006,3/27/2006,0
2405,245,16,1,04-01-2006,04-01-2006,31
2406,244,8,1,28-03-2006,3/28/2006,0
2407,225,14,1,28-03-2006,3/28/2006,31
2408,246,14,1,04-01-2006,04-01-2006,31
2409,17,8,1,29-03-2006,3/29/2006,0
2410,247,16,1,30-03-2006,3/30/2006,0
2411,219,14,1,30-03-2006,3/30/2006,0
2412,40,8,1,31-03-2006,3/31/2006,0
2413,64,8,1,04-01-2006,04-01-2006,31
2414,218,14,1,31-03-2006,3/31/2006,0
2416,34,8,1,04-03-2006,04-03-2006,0
2417,231,8,1,04-01-2006,04-01-2006,0
2418,231,8,1,04-01-2006,04-01-2006,0
2419,231,8,1,04-01-2006,04-01-2006,0
2420,231,8,1,04-01-2006,04-01-2006,0
2421,231,8,1,04-01-2006,04-01-2006,0
2422,231,14,1,04-01-2006,04-01-2006,0
2423,231,14,1,04-01-2006,04-01-2006,0
2424,231,14,1,04-01-2006,04-01-2006,0
2425,231,14,1,04-01-2006,04-01-2006,0
2426,231,14,1,04-01-2006,04-01-2006,0
2427,231,14,1,04-01-2006,04-01-2006,0
2428,231,14,1,04-01-2006,04-01-2006,0
2429,231,14,1,04-01-2006,04-01-2006,0
2430,231,14,1,04-01-2006,04-01-2006,0
2431,231,14,1,04-01-2006,04-01-2006,0
2432,231,14,1,04-01-2006,04-01-2006,0
2433,231,14,1,04-01-2006,04-01-2006,0
2434,231,14,1,04-01-2006,04-01-2006,0
2435,231,14,1,04-01-2006,04-01-2006,0
2436,231,14,1,04-01-2006,04-01-2006,0
2437,82,8,1,04-04-2006,04-04-2006,31
2438,203,14,1,04-04-2006,04-04-2006,31
2439,40,8,1,04-05-2006,04-05-2006,0
2440,24,1,1,04-05-2006,04-05-2006,31
2441,231,1,1,04-05-2006,04-05-2006,0
2442,170,8,1,04-06-2006,04-06-2006,0
2443,137,8,1,04-06-2006,04-06-2006,0
2444,221,8,1,04-06-2006,04-06-2006,0
2445,231,8,1,04-06-2006,04-06-2006,0
2446,231,8,1,04-06-2006,04-06-2006,0
2447,231,8,1,04-07-2006,04-07-2006,0
2448,231,8,1,04-07-2006,04-07-2006,0
2449,147,8,1,04-07-2006,04-07-2006,31
2450,247,8,1,04-07-2006,04-07-2006,0
2451,218,8,1,04-07-2006,04-07-2006,0
2452,84,14,1,04-07-2006,04-07-2006,0
2453,161,8,1,04-08-2006,04-08-2006,0
2454,110,14,,04-10-2006,04-10-2006,31
2455,152,14,1,04-10-2006,04-10-2006,31
2456,18,16,1,04-10-2006,04-10-2006,0
2457,40,8,1,04-11-2006,04-11-2006,0
2458,21,8,1,04-11-2006,04-11-2006,0
2459,2,14,1,04-12-2006,04-12-2006,0
2460,221,14,1,04-12-2006,04-12-2006,0
2461,231,8,1,04-12-2006,04-12-2006,0
2462,21,8,1,13-04-2006,4/13/2006,0
2463,231,8,1,13-04-2006,4/13/2006,0
2464,182,1,1,13-04-2006,4/13/2006,31
2465,208,1,1,13-04-2006,4/13/2006,0
2466,40,8,1,14-04-2006,4/14/2006,0
2467,7,8,1,14-04-2006,4/14/2006,0
2468,82,8,1,18-04-2006,4/18/2006,31
2469,231,8,1,19-04-2006,4/19/2006,0
2470,231,8,1,20-04-2006,4/20/2006,0
